-- F1 Regulations Engine — DEMO SEED (idempotent).
-- Illustrative, paraphrased sample data + real ONNX embeddings, so the app
-- works immediately after `docker-compose up` without ingesting any PDFs.
-- NOT official FIA text. Run: make seed   (or: psql < seed.sql). Safe to re-run.
BEGIN;
DELETE FROM documents WHERE id BETWEEN 9001 AND 9003;  -- cascades to articles + embeddings
INSERT INTO documents (id,name,year,section,issue,file_path) VALUES (9001,'DEMO Technical Regulations 2026',2026,'Technical',1,'demo://seed');
INSERT INTO documents (id,name,year,section,issue,file_path) VALUES (9002,'DEMO Sporting Regulations 2026',2026,'Sporting',1,'demo://seed');
INSERT INTO documents (id,name,year,section,issue,file_path) VALUES (9003,'DEMO Financial Regulations 2026',2026,'Financial',1,'demo://seed');
INSERT INTO articles (id,document_id,article_code,parent_code,level,title,content,year,section,issue,is_stub,structural_status) VALUES (900001,9001,'4',NULL,1,'Mass','Defines the minimum mass of the car and how it is measured.',2026,'Technical',1,false,'ok');
INSERT INTO articles (id,document_id,article_code,parent_code,level,title,content,year,section,issue,is_stub,structural_status) VALUES (900002,9001,'4.1','4',2,'Minimum mass','Sample: the car, without fuel, must not weigh less than the season''s minimum mass at any time during a competition.',2026,'Technical',1,false,'ok');
INSERT INTO articles (id,document_id,article_code,parent_code,level,title,content,year,section,issue,is_stub,structural_status) VALUES (900003,9001,'4.2','4',2,'Mass distribution','Sample: limits are placed on how the car''s mass may be distributed between the front and rear axles.',2026,'Technical',1,false,'ok');
INSERT INTO articles (id,document_id,article_code,parent_code,level,title,content,year,section,issue,is_stub,structural_status) VALUES (900004,9001,'3',NULL,1,'Aerodynamic components','General requirements for bodywork and aerodynamic surfaces.',2026,'Technical',1,false,'ok');
INSERT INTO articles (id,document_id,article_code,parent_code,level,title,content,year,section,issue,is_stub,structural_status) VALUES (900005,9001,'3.9','3',2,'Rear wing','Sample: the rear wing geometry must remain within the defined legality volume and may include a moveable element.',2026,'Technical',1,false,'ok');
INSERT INTO articles (id,document_id,article_code,parent_code,level,title,content,year,section,issue,is_stub,structural_status) VALUES (900006,9001,'5',NULL,1,'Power unit','Defines the power unit and its permitted energy systems.',2026,'Technical',1,false,'ok');
INSERT INTO articles (id,document_id,article_code,parent_code,level,title,content,year,section,issue,is_stub,structural_status) VALUES (900007,9001,'5.2','5',2,'Energy store','Sample: the energy that may be stored and deployed by the electrical systems per lap is capped.',2026,'Technical',1,false,'ok');
INSERT INTO articles (id,document_id,article_code,parent_code,level,title,content,year,section,issue,is_stub,structural_status) VALUES (900008,9001,'5.13','5',2,'Fuel','Sample: only fuel meeting the published chemical composition and sustainability criteria may be used.',2026,'Technical',1,false,'ok');
INSERT INTO articles (id,document_id,article_code,parent_code,level,title,content,year,section,issue,is_stub,structural_status) VALUES (900009,9001,'11',NULL,1,'Brakes','Requirements for the braking system.',2026,'Technical',1,false,'ok');
INSERT INTO articles (id,document_id,article_code,parent_code,level,title,content,year,section,issue,is_stub,structural_status) VALUES (900010,9001,'11.1','11',2,'Brake circuits','Sample: the braking system must use at least two separate hydraulic circuits operated by a single pedal.',2026,'Technical',1,false,'ok');
INSERT INTO articles (id,document_id,article_code,parent_code,level,title,content,year,section,issue,is_stub,structural_status) VALUES (900011,9002,'28',NULL,1,'Power unit components','Rules on the number of power unit elements a driver may use.',2026,'Sporting',1,false,'ok');
INSERT INTO articles (id,document_id,article_code,parent_code,level,title,content,year,section,issue,is_stub,structural_status) VALUES (900012,9002,'28.2','28',2,'Component allocation','Sample: each driver is allotted a fixed number of each power unit element for the championship season.',2026,'Sporting',1,false,'ok');
INSERT INTO articles (id,document_id,article_code,parent_code,level,title,content,year,section,issue,is_stub,structural_status) VALUES (900013,9002,'28.3','28',2,'Grid penalties','Sample: using more than the allotted number of a power unit element incurs a grid place penalty.',2026,'Sporting',1,false,'ok');
INSERT INTO articles (id,document_id,article_code,parent_code,level,title,content,year,section,issue,is_stub,structural_status) VALUES (900014,9002,'39',NULL,1,'Safety car','Procedures governing deployment of the safety car.',2026,'Sporting',1,false,'ok');
INSERT INTO articles (id,document_id,article_code,parent_code,level,title,content,year,section,issue,is_stub,structural_status) VALUES (900015,9002,'39.1','39',2,'Deployment','Sample: the safety car may be deployed to neutralise a race when competitors or officials are in danger.',2026,'Sporting',1,false,'ok');
INSERT INTO articles (id,document_id,article_code,parent_code,level,title,content,year,section,issue,is_stub,structural_status) VALUES (900016,9002,'40',NULL,1,'Parc fermé','Conditions under which cars are held in parc fermé.',2026,'Sporting',1,false,'ok');
INSERT INTO articles (id,document_id,article_code,parent_code,level,title,content,year,section,issue,is_stub,structural_status) VALUES (900017,9002,'40.1','40',2,'Restrictions','Sample: once cars enter parc fermé, only a limited list of operations may be carried out on them.',2026,'Sporting',1,false,'ok');
INSERT INTO articles (id,document_id,article_code,parent_code,level,title,content,year,section,issue,is_stub,structural_status) VALUES (900018,9002,'6',NULL,1,'Championship points','How championship points are awarded.',2026,'Sporting',1,false,'ok');
INSERT INTO articles (id,document_id,article_code,parent_code,level,title,content,year,section,issue,is_stub,structural_status) VALUES (900019,9002,'6.1','6',2,'Points system','Sample: points are awarded to the highest-placed finishers on a published sliding scale.',2026,'Sporting',1,false,'ok');
INSERT INTO articles (id,document_id,article_code,parent_code,level,title,content,year,section,issue,is_stub,structural_status) VALUES (900020,9002,'55',NULL,1,'Pit lane','Rules governing conduct in the pit lane.',2026,'Sporting',1,false,'ok');
INSERT INTO articles (id,document_id,article_code,parent_code,level,title,content,year,section,issue,is_stub,structural_status) VALUES (900021,9002,'55.1','55',2,'Speed limit','Sample: a pit lane speed limit applies during all track sessions and is enforced electronically.',2026,'Sporting',1,false,'ok');
INSERT INTO articles (id,document_id,article_code,parent_code,level,title,content,year,section,issue,is_stub,structural_status) VALUES (900022,9003,'D1',NULL,1,'Cost cap','Defines the cost cap framework for competitors.',2026,'Financial',1,false,'ok');
INSERT INTO articles (id,document_id,article_code,parent_code,level,title,content,year,section,issue,is_stub,structural_status) VALUES (900023,9003,'D1.1','D1',2,'Scope','Sample: the cost cap limits the total relevant costs a team may incur within a reporting period.',2026,'Financial',1,false,'ok');
INSERT INTO articles (id,document_id,article_code,parent_code,level,title,content,year,section,issue,is_stub,structural_status) VALUES (900024,9003,'D4',NULL,1,'Cost cap amount','The applicable cost cap figure.',2026,'Financial',1,false,'ok');
INSERT INTO articles (id,document_id,article_code,parent_code,level,title,content,year,section,issue,is_stub,structural_status) VALUES (900025,9003,'D4.1','D4',2,'Cap value','Sample: the cost cap is set at a published amount per full season, adjusted for the number of races.',2026,'Financial',1,false,'ok');
INSERT INTO articles (id,document_id,article_code,parent_code,level,title,content,year,section,issue,is_stub,structural_status) VALUES (900026,9003,'D5',NULL,1,'Excluded costs','Costs that fall outside the cost cap.',2026,'Financial',1,false,'ok');
INSERT INTO articles (id,document_id,article_code,parent_code,level,title,content,year,section,issue,is_stub,structural_status) VALUES (900027,9003,'D5.1','D5',2,'Exclusions','Sample: marketing, driver salaries and certain employee costs are excluded from relevant costs.',2026,'Financial',1,false,'ok');
INSERT INTO articles (id,document_id,article_code,parent_code,level,title,content,year,section,issue,is_stub,structural_status) VALUES (900028,9003,'D8',NULL,1,'Reporting','Financial reporting obligations of competitors.',2026,'Financial',1,false,'ok');
INSERT INTO articles (id,document_id,article_code,parent_code,level,title,content,year,section,issue,is_stub,structural_status) VALUES (900029,9003,'D8.1','D8',2,'Submissions','Sample: teams must submit interim and full-year reporting documentation by the published deadlines.',2026,'Financial',1,false,'ok');
INSERT INTO articles (id,document_id,article_code,parent_code,level,title,content,year,section,issue,is_stub,structural_status) VALUES (900030,9003,'D12',NULL,1,'Breach','Consequences of breaching the financial regulations.',2026,'Financial',1,false,'ok');
INSERT INTO articles (id,document_id,article_code,parent_code,level,title,content,year,section,issue,is_stub,structural_status) VALUES (900031,9003,'D12.1','D12',2,'Sanctions','Sample: breaches may result in financial penalties and sporting sanctions depending on severity.',2026,'Financial',1,false,'ok');
UPDATE articles a SET parent_id=p.id FROM articles p WHERE a.parent_code=p.article_code AND a.year=p.year AND a.section=p.section AND a.issue=p.issue AND a.id BETWEEN 900001 AND 900100;
INSERT INTO article_embeddings (article_id,embedding) VALUES (900001,'[0.061697,0.099392,-0.033453,0.064384,-0.038901,0.040570,0.010767,0.100095,0.011701,-0.040755,0.078194,-0.036702,0.007018,0.017065,-0.058035,-0.027777,0.033483,0.116068,-0.036267,0.073789,0.077603,-0.055510,0.014733,0.054344,-0.035675,0.040093,-0.101894,0.060662,-0.025912,0.002538,-0.000007,0.013674,0.120441,0.010647,0.028072,-0.094623,-0.052520,-0.086450,0.005772,-0.013607,-0.014501,-0.004711,0.052404,0.061712,0.054237,0.045291,0.019548,0.021863,-0.044073,-0.044578,0.052535,0.025966,-0.056755,0.036342,-0.064653,-0.085684,0.074557,-0.017278,0.006651,0.000890,0.059169,-0.067928,-0.046972,0.020690,0.006976,-0.032864,0.018266,-0.049354,-0.051521,0.106550,0.083150,-0.011005,0.043823,0.074497,0.026408,-0.197765,-0.065387,0.076010,0.042390,0.089529,-0.069025,0.049685,-0.063639,-0.034169,0.003029,-0.002256,0.088839,0.006298,-0.029933,0.023964,-0.067911,0.005678,-0.080374,0.079894,0.032073,-0.013271,0.010135,0.008910,0.034356,-0.008189,0.059827,0.076384,0.001977,0.072029,-0.070953,0.086225,-0.019603,-0.020336,0.017793,0.045542,0.056380,0.005783,0.015196,-0.012908,0.003611,-0.008951,0.052979,0.008963,-0.020412,0.018800,-0.041946,-0.072005,0.021095,-0.048549,0.041595,0.111184,0.019375,-0.000000,-0.093489,-0.084997,0.055114,0.018140,-0.032919,-0.059321,-0.000708,0.033669,0.052461,-0.013091,0.002228,-0.055496,-0.013120,-0.034417,-0.015012,-0.035257,0.004831,0.061529,-0.014887,-0.040112,-0.093429,0.024119,0.034608,-0.051561,0.067875,0.098038,-0.028229,-0.003374,-0.042039,-0.019502,0.020295,-0.005654,-0.011985,0.022457,-0.006646,-0.012994,-0.014621,0.002083,-0.048811,-0.084790,0.079514,-0.021165,-0.046388,-0.021096,-0.068697,0.036442,0.050087,-0.012455,0.026803,-0.008461,0.014201,-0.041121,-0.014639,-0.007028,-0.006555,0.080183,-0.035408,-0.019941,-0.132952,-0.064421,-0.050553,0.032481,0.109234,0.079906,0.018589,-0.005306,-0.105430,0.035917,-0.003153,0.028467,-0.002799,-0.026655,0.023641,0.009524,0.075826,0.066523,0.100254,-0.038528,-0.048860,0.019174,-0.023949,0.062684,-0.025302,-0.065260,-0.079367,0.031125,0.019014,-0.005971,0.020709,0.008422,-0.009365,-0.011575,-0.108790,0.037500,0.010852,0.000000,-0.034157,0.036937,0.001151,0.050385,0.038390,-0.008971,-0.025602,-0.066519,-0.006750,0.047349,-0.061021,-0.023169,-0.031455,-0.022933,-0.003407,0.047220,-0.032367,-0.128604,-0.033051,0.004060,0.035988,0.022642,-0.002209,0.011857,0.019192,-0.057155,-0.003313,-0.065331,0.049760,-0.071141,0.083409,-0.093384,0.041317,0.020889,-0.015721,-0.016146,0.061386,-0.014679,-0.062726,0.039445,-0.015978,0.058508,0.057195,-0.029816,0.005451,-0.026552,0.109251,0.007666,-0.009476,-0.020775,-0.017023,-0.058769,-0.051916,0.004322,0.024053,0.004808,-0.006634,0.001452,-0.017456,0.040378,0.044893,-0.109506,-0.073951,0.027819,-0.125651,-0.020189,-0.025869,-0.026762,-0.056358,-0.022427,0.026840,0.050407,0.050016,0.002207,-0.077776,-0.068828,0.048538,0.006933,0.041038,-0.079071,0.059570,-0.011818,-0.004654,0.039075,-0.021686,0.013640,-0.060158,-0.030664,-0.022428,0.088016,-0.084489,0.058922,-0.043349,-0.010973,-0.139603,-0.000000,-0.004652,-0.072261,-0.004431,-0.050463,0.018133,0.083305,0.003810,-0.046720,-0.042504,0.036962,0.063958,-0.067123,-0.024182,0.056699,-0.025628,0.004343,-0.006399,-0.048565,-0.020748,-0.014307,-0.024420,0.021301,-0.025182,0.044400,0.117174,-0.070727,-0.002190,0.126629,-0.007714,-0.006793,0.005263,0.081633,0.009868,0.040399,-0.017199,0.053372,-0.022891,0.083006,0.010487,-0.023337,0.070016,-0.030489,-0.031680,-0.001829,-0.010347,0.104005,-0.098741,0.046441,-0.047683,0.004713,0.036008,-0.018926,-0.017598,0.092914,-0.056665,0.036757,-0.007732,0.033121,-0.005296,-0.078999,-0.004093,0.089740,0.037669,-0.025937]'::vector);
INSERT INTO article_embeddings (article_id,embedding) VALUES (900002,'[0.013305,0.090037,0.009705,0.044418,0.044954,0.072632,-0.033973,0.093245,-0.003176,-0.024054,0.019285,-0.081045,0.002535,0.016042,-0.030211,-0.059876,0.103055,0.017969,-0.009335,0.063811,0.084393,-0.116613,-0.014623,0.078297,-0.068481,-0.023425,-0.098388,0.074229,0.007316,-0.026637,0.006551,0.041105,0.114225,-0.041900,0.064847,-0.055509,-0.071618,-0.054459,-0.046320,0.048281,-0.006397,-0.054611,0.012432,0.076210,0.004455,0.024889,0.028495,0.008523,-0.030854,0.017178,-0.002151,0.040554,-0.084257,-0.035946,-0.057279,-0.105550,0.011785,-0.097998,-0.006572,-0.050448,0.057688,-0.089782,-0.040985,0.019245,0.028424,-0.029761,-0.023528,-0.011310,0.041975,0.060260,0.077816,-0.003248,-0.036927,0.063989,0.006035,-0.088695,-0.075856,-0.013238,0.054665,0.078873,-0.090319,-0.045952,-0.069712,-0.024999,-0.025152,-0.040492,0.004661,-0.011871,0.004409,0.048822,-0.077450,0.084281,-0.009537,0.078397,-0.006890,0.047976,0.027342,-0.007691,0.049045,0.032941,0.040759,0.064445,0.023659,0.070528,-0.068781,0.032516,-0.010650,-0.061328,-0.020068,0.005413,0.073476,0.021261,0.043137,-0.003981,-0.062384,0.033716,0.021822,0.016925,-0.090554,0.073289,-0.054008,-0.044762,0.006725,-0.026594,0.053340,0.089396,0.055895,-0.000000,-0.056772,-0.112379,0.065310,-0.012742,-0.023528,-0.022580,-0.037518,-0.004787,-0.000958,-0.005848,-0.018201,-0.062700,-0.007668,-0.081644,0.073785,-0.016576,-0.016442,0.000030,0.011209,-0.067811,-0.067164,-0.047394,-0.000308,-0.031016,0.037635,0.073036,-0.009829,-0.042185,-0.018081,0.007214,-0.029983,-0.016164,0.006292,0.009429,0.010176,0.044912,0.019161,0.012046,-0.012613,0.004213,0.020717,-0.010123,0.041253,-0.023481,-0.038940,0.008520,0.104750,0.002236,-0.036335,0.033222,0.009048,-0.047442,0.020007,-0.016922,0.032271,0.104423,0.003045,-0.046461,-0.079114,-0.028712,-0.045953,0.059353,0.035042,0.060210,0.024175,0.022865,-0.068966,-0.058648,-0.003398,0.007345,0.058265,-0.036209,-0.006221,-0.051404,0.108350,0.017079,0.143602,0.002702,-0.001610,-0.026616,-0.018793,0.003602,-0.021917,-0.078369,-0.049887,0.040166,0.006730,-0.001958,0.036722,0.024626,-0.013169,-0.026738,-0.133483,0.025301,0.034342,0.000000,0.001211,-0.006368,0.059377,0.038436,0.078483,0.079637,0.022148,-0.100635,0.014658,0.069713,-0.053720,-0.044443,0.032540,-0.037509,-0.038243,0.050786,-0.027241,-0.015020,-0.016517,-0.027441,0.048375,0.025427,-0.020244,0.009955,-0.023633,-0.027817,-0.039825,-0.010597,0.003852,-0.076313,0.067918,-0.071454,0.034287,-0.068992,-0.035912,0.049666,0.050121,0.021445,-0.088340,0.059262,0.004569,0.013402,0.049052,0.019345,-0.028453,-0.062839,0.061152,-0.097322,0.069066,0.026640,-0.016302,-0.056044,-0.116820,0.035467,-0.023251,0.010036,-0.001071,0.062009,-0.026736,0.015453,0.094465,-0.050062,-0.119995,0.008311,-0.043450,-0.032071,-0.013425,0.034966,0.024190,0.004974,-0.009977,0.045708,0.076914,-0.025601,-0.043240,0.008791,0.008370,0.043319,0.057713,-0.101558,-0.021214,0.013099,-0.011512,0.069602,0.070549,0.014754,-0.054926,-0.082816,-0.019929,0.124472,0.016888,0.042144,0.108369,0.014317,-0.066325,-0.000000,0.023127,0.017011,0.032551,0.012932,0.022360,0.027889,0.029753,-0.128059,-0.010069,0.069208,0.093715,-0.046309,-0.015959,0.051801,-0.001242,0.026995,-0.033153,0.021973,-0.039394,-0.018946,-0.065453,0.050976,-0.084255,0.038936,0.095080,-0.042531,0.055832,0.086518,0.057509,-0.020937,0.012489,0.065007,-0.012441,-0.009575,-0.002524,0.003382,-0.035671,0.060453,-0.051943,-0.094782,-0.019313,0.006379,-0.057942,-0.014022,0.008869,0.055816,-0.146008,-0.037438,-0.032423,0.001479,0.025160,-0.072933,-0.051740,0.092819,0.006973,0.094189,0.018480,0.082146,-0.036473,-0.078122,0.074767,0.045204,-0.009254,0.003366]'::vector);
INSERT INTO article_embeddings (article_id,embedding) VALUES (900003,'[-0.006993,0.011854,0.011025,0.029672,-0.003642,0.016997,-0.004243,0.064241,0.025360,-0.004932,0.093799,0.103156,0.067533,-0.044909,-0.047803,-0.038218,0.075777,0.069700,-0.079190,0.104503,0.033520,-0.031274,-0.002839,0.028820,-0.053575,-0.040209,-0.046562,0.034967,-0.000973,-0.081265,0.074086,0.003369,0.030192,-0.023318,-0.007401,-0.084128,-0.093896,-0.043410,-0.001294,-0.010961,0.075090,0.011919,0.079306,0.019833,0.034876,0.008045,0.031665,-0.021349,0.045090,0.041307,0.024912,0.004361,-0.039293,0.059947,-0.083465,-0.159179,0.045028,-0.024913,-0.016847,0.027327,0.093875,-0.066216,-0.044303,-0.001825,0.048262,-0.053100,-0.002906,-0.012320,0.016829,0.037393,0.051315,0.048442,-0.085393,0.025542,0.027470,-0.100165,-0.140719,-0.001017,0.044161,-0.015147,-0.000938,0.081068,0.095272,-0.106785,-0.052934,0.006575,-0.014592,0.104003,-0.065632,0.011259,-0.052671,-0.014722,-0.037740,0.048946,-0.042549,0.046867,-0.038635,-0.045751,0.130895,0.031436,0.079976,0.062582,0.079733,0.052702,-0.100327,0.030972,-0.027703,-0.032560,-0.013476,0.023784,0.081386,0.045333,0.047289,0.005826,-0.040419,-0.129357,0.056814,0.061282,-0.047950,-0.097787,-0.022663,-0.019614,0.010933,-0.052269,0.083971,0.034151,-0.010108,-0.000000,-0.062431,-0.115432,0.038089,0.073697,-0.025781,-0.016723,0.002611,0.044665,0.067604,0.068148,0.045624,-0.005003,-0.006745,-0.045393,0.003466,-0.046808,-0.001170,0.070178,-0.025666,-0.016749,-0.060645,-0.058858,0.014588,0.056425,-0.021747,0.066067,-0.016919,0.018538,-0.008378,-0.007598,-0.001562,0.075522,-0.018679,-0.001827,0.012635,0.011610,-0.090888,-0.041308,-0.063310,-0.039136,0.053937,-0.009674,-0.004349,0.026757,-0.065597,0.040329,0.023562,-0.008312,0.038839,-0.032947,-0.048723,-0.069686,0.036520,-0.018723,0.021345,0.103197,-0.031756,-0.004422,-0.098553,0.094462,-0.045843,0.028132,0.034501,0.060417,0.046178,0.033851,-0.084004,-0.012656,0.024521,0.119506,0.112258,-0.039042,-0.066737,0.050197,-0.053641,0.005158,0.042867,0.064113,-0.052218,-0.039122,-0.095377,-0.037036,-0.074572,-0.055337,-0.022532,0.038933,-0.022642,-0.046354,0.031469,0.056913,0.014699,-0.034390,-0.033240,0.049869,-0.028876,-0.000000,-0.074345,0.112538,0.004210,-0.027348,0.037052,0.014002,0.020084,-0.014809,-0.038945,0.080093,-0.063559,-0.023098,0.001489,0.004616,0.000589,-0.001579,0.086337,-0.025298,-0.053174,-0.032797,-0.047412,0.014410,0.037155,0.045572,0.042869,-0.052330,-0.088383,0.021852,0.010514,-0.019305,-0.004882,-0.089806,0.041316,0.047721,-0.059572,-0.054762,-0.013743,0.072613,0.006039,0.011841,0.008864,-0.046136,-0.010475,0.001565,-0.007299,-0.063212,0.032211,-0.029141,0.056061,0.015102,-0.009479,0.052459,-0.017247,0.000263,-0.008975,0.012946,0.042970,-0.009168,0.014763,0.029958,0.001328,-0.019537,-0.000762,-0.079300,-0.083215,-0.016485,-0.053616,-0.067557,-0.016736,0.044725,0.040124,-0.028453,0.106261,-0.001439,-0.020639,-0.016850,0.050533,-0.087570,0.065491,-0.081769,-0.058586,-0.037733,0.007802,0.105655,-0.008868,0.021444,-0.027395,-0.061945,-0.006219,0.072963,0.040289,0.041028,0.020071,-0.035531,-0.036170,-0.000000,-0.007132,0.008427,0.037070,-0.038635,0.011519,0.116334,0.038853,-0.034510,-0.096437,0.004948,0.048235,-0.031336,-0.003417,-0.016952,-0.021423,0.043581,-0.030407,0.014806,-0.050286,-0.010707,-0.027535,-0.001654,0.013775,0.066789,0.004758,0.009335,0.039343,0.057607,0.011492,0.015746,0.058988,-0.021293,-0.027776,0.010972,0.053333,0.002994,-0.078135,0.056086,0.074633,-0.022868,-0.009181,-0.083977,0.064453,0.068586,-0.034781,0.093820,-0.177327,0.055034,0.017510,0.012570,-0.024246,-0.074138,-0.004320,0.060989,0.014092,0.075768,0.024676,0.000854,-0.030037,-0.014619,0.022882,0.057139,-0.007620,0.004036]'::vector);
INSERT INTO article_embeddings (article_id,embedding) VALUES (900004,'[0.024192,0.024601,0.059164,-0.020307,0.022969,-0.040930,0.031956,-0.000124,-0.067679,-0.003273,0.004390,-0.072570,-0.043371,0.028201,0.055793,-0.042251,0.041695,0.084736,-0.050559,0.130068,0.004753,0.086330,0.016258,-0.010492,-0.060226,-0.029400,0.021983,0.017780,0.020450,-0.061782,0.040287,-0.036584,-0.039566,-0.019601,-0.043588,-0.046662,0.080558,0.017037,-0.119000,0.023751,-0.092459,-0.007477,-0.014579,0.063333,0.119069,0.064682,0.032473,0.024676,0.002125,0.030626,-0.045336,-0.027239,-0.007009,0.018986,0.035397,0.066801,-0.072954,-0.018726,-0.067576,-0.050632,0.004053,-0.014948,0.024314,0.005082,0.023712,-0.064617,-0.032644,-0.012302,0.035086,0.046359,-0.041204,-0.092245,-0.088953,0.027979,0.033403,0.034397,0.009989,-0.007363,-0.050340,-0.005669,0.033730,0.009966,-0.077374,0.043538,-0.006368,0.042941,0.028898,0.013157,-0.088740,0.013512,0.028660,-0.033888,0.031590,-0.052019,0.004028,0.033187,0.003925,-0.010601,0.019320,0.000767,-0.058007,-0.111806,0.120689,0.133911,-0.097959,0.011407,0.003088,-0.027057,0.066749,-0.043635,-0.011948,-0.034020,-0.106917,-0.049855,0.003325,-0.092003,-0.031020,-0.054300,-0.005361,-0.006618,-0.016185,-0.017735,0.065226,-0.032195,-0.006270,-0.065765,-0.014479,-0.000000,-0.041099,0.046276,0.004763,0.102459,-0.057215,-0.019629,0.003897,-0.041082,0.102085,0.123273,-0.146599,-0.018453,-0.034826,0.037352,0.054543,0.007870,-0.010198,-0.034935,-0.069248,0.017799,0.012053,-0.045340,-0.034386,-0.041189,0.043261,0.041334,0.055657,-0.027153,-0.104767,0.028668,-0.036019,-0.022283,0.012693,-0.001196,-0.059912,0.041705,-0.038658,-0.118675,0.040483,-0.017609,-0.025011,0.025242,0.012345,0.037918,0.005527,-0.007495,-0.028336,0.138073,0.033476,0.009037,0.009740,0.094758,0.149622,-0.043400,0.061230,0.052326,0.046626,0.001114,-0.037202,0.022956,-0.053905,0.064492,-0.092527,-0.044151,-0.010889,0.101893,0.012763,0.062572,-0.018395,-0.062685,-0.085287,-0.017893,-0.071409,0.062693,0.019958,0.015995,0.032146,-0.021649,0.014610,0.042690,-0.034544,0.114413,0.016946,-0.069042,-0.002677,-0.024936,0.065342,-0.019565,-0.054374,0.028454,-0.061584,-0.008498,-0.022047,0.015139,0.009362,0.000000,-0.058702,-0.027414,-0.044788,0.025331,0.086025,0.021061,0.040883,-0.075832,-0.043337,0.000012,-0.000768,0.007057,0.017219,0.031809,0.077465,0.115967,-0.092675,-0.062541,0.008755,-0.083192,0.086694,-0.008969,0.021705,-0.027262,-0.030677,0.006411,0.030420,-0.030726,0.019475,-0.005243,-0.010503,0.010825,0.071028,0.026550,0.001506,-0.038632,-0.006525,0.019281,0.002577,-0.065613,0.045928,0.004776,0.091356,0.022776,-0.033396,-0.035779,-0.025899,-0.019472,-0.025331,-0.044815,0.034535,-0.025571,0.021128,0.008734,0.061125,-0.000647,0.069948,-0.054980,0.110648,-0.053867,0.048787,0.015822,-0.041655,0.038225,-0.036315,-0.043891,0.016241,-0.022738,-0.007787,-0.026331,-0.135675,-0.011524,0.058036,0.037077,-0.035546,-0.006128,0.056691,0.037056,0.072813,0.062510,-0.038249,0.018593,0.006447,0.035489,0.081423,0.017597,-0.084744,-0.011968,0.001361,-0.054106,0.091174,0.022003,0.020334,0.041988,-0.045052,-0.000000,-0.011265,0.012596,0.073869,-0.036842,-0.103502,0.113472,0.005245,-0.070931,0.007966,0.008265,0.028469,-0.016994,0.057039,0.077192,0.076393,0.043029,-0.092370,0.010407,-0.073832,-0.119200,0.022579,-0.007646,-0.031454,0.029130,0.010630,-0.067489,-0.028266,-0.001894,-0.020714,0.044276,-0.060415,-0.004094,-0.073651,-0.013082,-0.019105,0.022154,-0.011672,-0.016386,-0.014548,0.034831,0.029196,0.052529,-0.012284,0.014703,0.104777,0.020117,-0.032044,-0.016631,-0.112475,0.029042,0.014207,-0.063634,0.000224,0.086539,-0.044132,0.113814,-0.038901,0.012888,0.021291,-0.091510,-0.008724,0.035499,-0.024569,0.018372]'::vector);
INSERT INTO article_embeddings (article_id,embedding) VALUES (900005,'[-0.005442,0.007020,-0.042568,-0.060972,0.032543,0.032233,-0.000710,0.026891,0.058438,0.035374,0.034586,0.063525,0.004865,0.012914,-0.012986,-0.057491,0.015641,0.020330,-0.048720,0.202061,-0.004694,0.001040,0.084929,0.104869,-0.014565,0.002832,-0.007317,0.087744,0.073316,-0.151669,-0.014053,0.109720,-0.015438,0.028775,0.025697,-0.051047,-0.009162,-0.012815,-0.018859,-0.004047,0.018340,0.019678,-0.004961,0.068849,-0.002937,0.128484,0.024911,0.020653,0.002293,0.070371,-0.044269,-0.032776,-0.099280,0.076524,0.013224,0.034858,0.011342,-0.000294,0.025282,-0.068746,0.102368,-0.016543,-0.044237,0.001459,-0.042912,-0.039113,-0.063213,-0.026921,-0.029238,0.023272,0.066638,0.059227,-0.100268,0.007241,-0.030124,-0.016280,0.032942,0.012002,0.056992,-0.038842,-0.063658,0.002951,-0.070217,0.018046,-0.020523,0.023367,-0.039476,-0.023400,-0.034856,0.020943,0.020350,-0.003240,0.063497,-0.036936,0.024714,-0.002243,-0.034587,-0.088109,0.098860,0.015741,0.059265,-0.000321,0.074881,0.100232,-0.067688,-0.039006,0.046868,-0.022453,0.012021,-0.036068,0.047634,0.007970,0.028188,0.027388,-0.008570,-0.087619,-0.039646,0.006440,0.009898,-0.098165,-0.022699,0.040068,0.024948,-0.012140,0.046836,-0.036464,-0.057266,0.000000,-0.043447,-0.029571,-0.016196,0.053058,-0.040460,0.007560,-0.055372,0.022195,0.108849,-0.003611,-0.069340,-0.024247,0.063419,-0.046224,0.077314,-0.027168,-0.001083,0.109175,-0.072148,-0.044703,-0.019204,0.025085,0.002361,-0.068317,-0.052161,0.018184,-0.015086,-0.069411,-0.066230,0.033468,-0.023294,0.008659,0.014220,0.068417,0.038307,0.070201,-0.060665,-0.051753,-0.035782,0.020349,0.025307,-0.030034,-0.001116,0.036108,-0.000803,-0.093750,-0.004261,0.065932,-0.010729,0.018248,0.016854,0.036024,0.101416,-0.121000,-0.036852,0.043339,-0.078662,0.114535,-0.042526,0.040590,-0.007808,0.090016,-0.011733,0.040440,0.017891,0.058687,-0.093471,-0.060500,0.030107,-0.043194,-0.010561,-0.028974,-0.012179,0.088868,-0.017011,-0.052918,0.025828,-0.005564,0.082636,-0.013635,-0.134315,0.014900,-0.025695,0.002964,0.029660,-0.013609,0.109001,-0.100334,0.009205,0.018019,-0.034955,-0.111250,-0.019740,-0.005253,0.005639,-0.000000,-0.042076,0.002594,-0.009921,0.019954,0.003188,0.011968,0.005073,0.021821,-0.048103,-0.063333,-0.058100,0.021742,-0.008042,-0.085793,0.023128,0.067637,-0.039161,-0.069618,-0.021478,0.009179,0.108267,-0.062529,0.018066,0.083949,-0.036313,0.019287,0.024243,0.013323,0.001482,-0.015848,-0.017028,-0.131683,-0.059590,0.023216,-0.055406,-0.075052,0.036351,0.050308,-0.037126,-0.014572,0.005543,0.039122,0.062100,0.042863,0.002960,-0.086633,0.054975,-0.018220,0.002660,-0.057230,-0.034274,0.028072,0.070747,0.021418,0.042357,0.009153,0.003146,0.038743,0.097869,-0.015698,0.018440,0.054964,-0.011513,-0.002977,0.007877,-0.003443,-0.041226,-0.076650,-0.061342,-0.030448,-0.020050,-0.032878,-0.011492,-0.020058,-0.003493,-0.008089,0.095931,-0.062226,0.038880,-0.018609,0.014719,-0.018538,-0.013216,0.101124,0.027477,0.038397,-0.059458,-0.028649,-0.024849,-0.000967,0.026906,-0.017757,0.066893,0.051756,0.059477,-0.000000,-0.004353,0.064712,0.073793,0.043563,-0.047218,0.049442,0.039561,-0.088691,-0.068126,-0.048141,0.022017,-0.036937,-0.005426,0.013613,-0.092235,0.040623,-0.034473,-0.018119,-0.065045,-0.012048,-0.043471,0.012810,0.070621,0.045181,-0.020964,0.023560,-0.036526,-0.103180,0.080355,0.006582,0.042654,0.069297,0.067416,0.018169,-0.001648,-0.024481,-0.002623,0.065706,-0.036451,0.004001,-0.038250,-0.013235,0.027914,0.027106,0.073293,0.075263,-0.082896,0.004115,-0.059274,-0.015797,0.077722,-0.029246,-0.023391,0.051819,-0.066218,0.132168,0.007080,-0.020760,-0.056711,-0.021855,0.100571,0.132225,-0.028975,-0.027147]'::vector);
INSERT INTO article_embeddings (article_id,embedding) VALUES (900006,'[-0.051245,0.068266,-0.083699,0.013302,0.014892,0.025541,-0.004957,-0.031750,0.027375,0.004809,0.026111,0.006607,0.081346,-0.033878,0.014036,-0.038671,0.041315,0.000124,-0.054106,0.056097,0.171542,0.038566,0.017151,0.003202,0.025454,-0.011730,0.004103,0.022604,0.049487,0.018278,-0.074334,-0.026126,0.066116,-0.034207,0.017611,0.072633,0.057573,-0.005340,0.021540,0.016721,-0.070767,-0.062660,-0.019955,0.033998,-0.063566,0.036092,0.010154,-0.040211,-0.043520,0.007851,0.050112,0.064071,-0.034741,0.066386,0.021105,-0.040926,0.090966,-0.011892,0.021905,-0.058518,-0.016804,-0.104337,0.012596,-0.020759,-0.019135,-0.032356,-0.026372,0.069530,-0.045902,-0.066228,0.039434,-0.055029,0.110696,0.009052,-0.028394,0.052593,0.004200,-0.054221,0.050001,0.019194,0.034256,0.037796,0.007189,0.011560,0.019117,0.075168,0.021139,-0.047282,0.082112,-0.028043,-0.035847,0.011992,0.116499,0.020474,0.170898,-0.079296,0.005215,-0.057955,-0.066037,-0.042514,0.031130,0.050867,0.002413,0.013668,-0.073338,-0.029639,-0.016754,0.065381,0.015456,-0.063632,0.080880,0.008554,-0.078490,-0.076267,0.033541,-0.044646,0.036562,-0.010151,-0.012940,-0.047556,-0.025003,0.038313,0.019351,0.001338,0.038301,-0.029087,0.047179,-0.000000,-0.089237,-0.002124,0.018198,-0.020618,0.023439,0.046417,-0.072494,0.040411,0.011917,0.089770,0.088845,0.085598,0.088780,0.074666,0.050013,-0.001406,0.107610,0.016196,0.091771,-0.020890,0.040224,0.034074,0.060100,-0.027012,0.011120,-0.059361,-0.040624,-0.015628,-0.040727,0.000959,0.035794,0.033146,-0.012137,0.047465,-0.092687,0.038857,-0.000988,-0.028337,-0.052667,-0.061437,-0.033212,-0.023292,-0.003201,0.062311,0.019746,0.013224,-0.009285,-0.080247,-0.059638,0.037353,-0.045670,0.050137,-0.035262,-0.042412,0.015287,-0.006692,-0.018296,0.066137,0.012815,-0.023125,-0.060013,-0.015783,0.040488,-0.037275,0.012834,-0.053315,-0.033684,-0.009631,-0.021492,-0.043449,-0.024014,-0.079710,0.004208,0.032471,0.067372,0.002930,0.042675,0.074719,-0.164539,0.011326,-0.116223,-0.058238,-0.021997,-0.029763,0.032741,-0.078460,-0.009436,0.053265,-0.012703,-0.050190,0.076886,0.053591,-0.013510,0.100994,-0.063478,0.000000,-0.054039,0.027752,-0.080855,-0.001511,0.061433,-0.023469,-0.067466,-0.082393,-0.078604,0.039947,-0.001612,-0.016426,-0.064650,-0.060024,0.002680,-0.005937,-0.043952,-0.058321,-0.006035,0.106454,-0.015840,0.061399,0.064748,0.015589,-0.029552,0.063874,0.001464,-0.035122,0.073971,-0.015938,-0.011701,0.011443,-0.048678,0.054168,-0.057488,-0.035696,0.038847,-0.083391,-0.053893,0.062497,0.016720,0.036916,0.017582,0.078965,-0.059091,-0.064464,0.122354,-0.024821,-0.047628,0.004759,0.025005,-0.011932,0.013985,0.013559,0.084522,-0.077939,0.059427,0.040882,-0.002565,-0.063382,0.092073,-0.078077,-0.032727,0.124507,-0.072490,0.017985,0.031051,0.048610,0.081390,-0.015489,-0.058987,0.041240,0.032892,0.031717,-0.080355,0.014772,0.028352,-0.129058,-0.042907,-0.084159,-0.072559,-0.019882,-0.023694,-0.007116,0.085263,-0.064489,0.072804,-0.024789,0.072114,-0.070443,-0.026913,-0.026458,-0.097395,0.051689,-0.033382,-0.000000,-0.047238,-0.035434,-0.006469,-0.041134,0.018596,-0.053170,0.012441,-0.059244,0.008355,0.017998,0.093626,-0.038104,0.013378,-0.030863,0.023211,-0.006607,-0.025585,0.016470,0.015295,0.048192,-0.085166,0.000693,-0.005105,0.045413,0.053118,0.012125,-0.059819,-0.044449,0.026299,0.041647,-0.009848,-0.021929,-0.059524,-0.011607,-0.033344,0.011025,-0.025229,-0.054735,0.042271,0.025091,0.029427,-0.038921,-0.015986,0.049160,-0.087452,0.089408,-0.039098,-0.005017,0.045199,0.103171,-0.022775,0.030697,0.047819,-0.002733,-0.006203,0.035661,-0.079073,-0.006608,-0.000322,-0.018978,-0.025205,0.079494,0.020190,-0.088102]'::vector);
INSERT INTO article_embeddings (article_id,embedding) VALUES (900007,'[-0.035359,0.057068,-0.068029,0.041707,0.067230,-0.026301,0.029118,0.079048,0.064095,0.030949,0.033197,0.037465,0.028777,-0.044907,0.004993,-0.036636,-0.004674,-0.037846,-0.004722,0.017915,0.083262,-0.042254,0.009450,0.000757,0.007140,0.071931,0.017106,0.006342,0.010490,-0.043281,-0.051424,-0.051326,-0.022194,-0.012359,0.075370,0.060364,-0.093316,0.005406,0.078689,0.010912,-0.029124,-0.053520,0.047229,0.022791,-0.045297,-0.000575,0.002554,-0.046091,-0.041988,-0.051379,0.079890,-0.056096,-0.028478,0.030567,-0.038826,0.021646,0.136680,-0.071904,0.009503,0.061276,0.017222,-0.085850,-0.058733,0.014195,-0.001277,-0.015874,0.068148,0.040006,0.013834,-0.118344,-0.053908,0.008088,-0.045233,-0.050142,-0.019053,-0.023446,-0.016322,0.013512,0.087389,0.020071,-0.005042,-0.064482,-0.049745,-0.036348,0.029123,-0.000889,0.052810,-0.051609,0.026423,-0.086370,-0.080972,0.071958,0.000025,0.035614,-0.049546,-0.005493,0.021552,0.040845,0.059837,-0.012509,0.038100,0.070196,0.052195,0.011561,-0.055737,-0.089421,-0.066620,0.060512,-0.000430,-0.078916,0.059750,0.019683,-0.051176,0.071176,0.046299,-0.034688,0.010337,-0.011356,0.000386,0.033698,0.009174,-0.029103,-0.010684,-0.063191,-0.016737,0.064184,0.101317,-0.000000,-0.129719,-0.105334,0.010428,-0.032520,0.001961,0.010072,-0.078786,-0.008783,0.005933,-0.017988,0.017745,0.081825,0.042182,0.119281,0.025943,-0.084912,0.026823,0.060010,0.038128,-0.075446,0.021478,0.039197,0.047193,0.002971,0.059986,-0.026717,-0.031297,-0.021280,-0.000773,0.018471,-0.000316,0.069485,-0.008384,-0.003230,-0.004985,0.070022,0.053985,0.009377,0.024022,-0.046727,0.070301,0.066424,0.088321,0.028007,-0.064360,-0.089567,0.001223,-0.031083,-0.006366,0.028903,-0.061165,-0.030243,-0.004221,0.017155,0.060237,0.055160,-0.008023,-0.026064,0.074323,0.049477,-0.055272,0.072766,0.014436,-0.014022,0.090071,0.064590,0.019115,-0.001186,-0.032026,0.024726,0.022272,-0.068211,0.028089,-0.004798,0.022109,-0.026002,-0.021975,0.110763,-0.114506,-0.030307,-0.028314,-0.088600,-0.024704,-0.027029,-0.026790,-0.085772,-0.034665,-0.060661,-0.003388,0.007401,0.014999,0.074457,0.012673,0.049855,-0.056952,0.000000,0.031926,0.033488,-0.050073,0.063216,0.014088,0.051071,0.012235,-0.083861,-0.123694,-0.003693,-0.053431,-0.024253,-0.055050,-0.031300,-0.028432,0.038624,-0.019611,-0.092650,0.007535,0.022772,-0.005887,-0.049471,0.047488,0.013374,0.037304,-0.015967,-0.085168,-0.040040,-0.012473,-0.054323,-0.082809,-0.089321,0.025910,-0.023484,-0.032351,-0.044747,0.080560,0.006987,0.051184,0.067981,0.069656,0.000391,0.013421,0.027358,-0.015841,-0.055571,-0.046396,-0.039090,-0.042813,-0.034554,-0.021582,-0.028099,-0.035957,0.007949,-0.039553,-0.013746,0.032557,0.075293,-0.049852,-0.106196,0.112867,-0.081938,-0.015726,0.060923,-0.043647,-0.026093,0.049972,-0.041893,-0.030819,-0.037524,0.017923,-0.005104,0.068643,-0.044494,-0.063774,-0.044592,-0.001372,-0.114477,-0.031576,-0.069844,-0.069805,0.012502,-0.075250,-0.046461,0.038496,-0.104546,-0.022481,-0.040167,0.014430,0.009663,-0.004354,-0.020288,-0.052573,0.077746,-0.009003,-0.000000,-0.002168,0.073313,0.119328,0.007804,0.036571,-0.008803,0.089706,-0.007417,0.074268,-0.002786,0.097029,-0.002333,-0.029277,-0.010408,0.006078,0.099614,0.010325,0.051976,0.003562,0.048652,-0.015000,0.031690,0.064255,0.004582,0.093276,0.055816,0.075220,0.099546,0.028637,-0.037010,-0.024034,-0.008645,0.087669,-0.018102,0.061093,0.036622,-0.022810,-0.010847,0.018498,0.009061,-0.037340,-0.078501,-0.014603,0.029619,-0.051182,0.050058,-0.115687,0.115727,0.043947,0.167447,-0.060539,-0.075190,0.020543,0.008547,0.004467,0.026934,-0.035431,0.028018,-0.011471,-0.015157,0.071698,0.012000,-0.057175,0.001671]'::vector);
INSERT INTO article_embeddings (article_id,embedding) VALUES (900008,'[0.013075,0.072710,-0.046288,0.045082,0.123572,0.083466,-0.044068,0.044214,-0.009780,-0.084664,-0.046646,-0.075290,-0.040104,-0.079616,-0.030178,-0.040023,0.073609,-0.026269,0.065395,-0.004786,0.112378,-0.030393,0.087083,0.040533,-0.062723,0.069241,-0.064457,0.070171,0.005706,-0.008641,0.035221,0.122031,0.026272,-0.082721,0.096138,-0.029766,-0.042908,0.057654,0.038934,0.046534,-0.058231,-0.088652,-0.012748,0.005596,-0.020800,-0.029795,0.036333,-0.057156,-0.042685,0.029009,0.033249,0.042156,-0.075448,-0.066497,0.086285,-0.160525,-0.046764,-0.007567,-0.060413,-0.066146,0.012961,0.009389,-0.044467,0.020250,0.017230,0.036785,-0.034791,-0.006056,0.080731,-0.098699,-0.011628,0.006381,0.010045,-0.001764,-0.035324,0.004148,0.045333,-0.019650,0.082167,0.002238,-0.011923,-0.017213,-0.028232,-0.052985,0.021939,0.067159,-0.012202,0.014562,0.042024,-0.014250,-0.034883,0.062016,0.086793,-0.041925,-0.030648,0.021688,0.030989,0.014742,0.086457,-0.044564,0.010721,0.094392,-0.058986,-0.048876,-0.061627,0.000011,0.013292,0.007510,0.037928,0.007501,-0.006729,0.023020,0.004815,-0.002238,-0.076948,-0.030920,0.026746,-0.082044,-0.031296,0.038551,-0.083578,-0.025629,0.076002,0.029611,0.040058,0.023122,0.033934,-0.000000,-0.073754,-0.048020,0.067560,-0.025108,-0.049236,0.027390,-0.051628,-0.064249,0.017831,0.034277,0.032219,0.012423,-0.059608,0.061095,-0.014865,0.037930,-0.007100,0.043613,0.058685,-0.089518,-0.098805,0.046646,-0.034241,-0.015523,-0.020628,0.019494,0.006625,-0.016431,-0.044688,-0.007017,0.033462,0.013822,-0.096113,-0.044959,0.014430,0.029737,-0.083865,0.070610,-0.029873,0.032981,0.011283,0.045334,0.122506,-0.017570,0.010386,0.038466,-0.012608,0.041442,0.061284,-0.010055,-0.084477,0.032508,0.013743,-0.005212,-0.014759,0.076521,0.019348,-0.033228,-0.007956,-0.046806,-0.049043,0.126381,-0.103499,0.007853,0.101545,0.037337,-0.076358,-0.055136,-0.005262,0.041409,0.035638,-0.065060,-0.030832,0.006932,0.025126,-0.031517,0.040191,0.042187,-0.000083,0.028504,0.001067,-0.038112,-0.032669,-0.065988,-0.027486,0.001661,-0.025547,0.044391,0.067241,0.061391,-0.009889,-0.043533,-0.052371,-0.042894,-0.020834,0.000000,0.007653,0.035365,0.059259,0.031364,0.031141,0.002099,0.025237,-0.167970,0.038276,0.033166,0.023525,0.017968,0.045684,-0.036618,-0.099818,0.096756,-0.056694,0.045581,-0.068988,-0.036758,-0.056812,-0.003209,-0.037742,0.100921,-0.024368,0.016714,0.048073,-0.046656,0.039807,-0.048408,0.083466,-0.003760,0.000593,-0.047499,-0.029627,-0.061959,-0.001951,0.000676,-0.038339,0.052822,-0.074709,0.027390,0.027188,0.018837,-0.020231,-0.059439,0.050489,-0.086852,0.058816,0.019639,0.080827,0.007790,-0.100155,-0.036992,0.028131,0.047182,-0.043961,0.042149,-0.014777,-0.034272,0.114477,0.053297,-0.033952,-0.042546,0.001519,-0.018656,0.010003,0.040486,0.024687,0.029648,0.054916,-0.008854,0.029045,0.036714,0.018810,-0.034196,0.014503,0.029513,-0.016176,-0.015436,-0.039589,0.003423,-0.042423,0.028021,0.081769,-0.016876,-0.048767,-0.090439,0.025688,0.043881,0.046301,-0.004464,-0.033251,0.111850,0.002440,-0.000000,-0.025247,-0.054175,0.058921,0.083045,-0.076377,0.079222,0.047881,-0.094700,-0.036572,-0.009067,0.066160,0.040573,-0.040634,0.015337,-0.006720,-0.036616,0.006351,-0.017707,-0.042713,-0.002399,-0.030216,-0.004853,-0.097505,-0.050387,-0.002066,-0.024019,0.099251,-0.010108,0.064228,-0.020940,0.001998,0.047376,-0.043830,-0.033925,0.031013,-0.058965,0.001951,0.035123,-0.070591,0.071432,-0.032503,0.028141,-0.033669,0.028925,-0.069418,0.007303,-0.075276,0.009862,-0.048109,0.100426,0.049569,-0.095315,0.003631,0.043188,-0.008316,0.033744,-0.003578,0.096998,0.006573,-0.035802,0.161233,-0.024827,0.038948,-0.023107]'::vector);
INSERT INTO article_embeddings (article_id,embedding) VALUES (900009,'[-0.023258,0.005539,0.015707,-0.039232,-0.007206,-0.006795,-0.041543,0.121929,-0.042552,0.041961,-0.002511,0.023018,0.023663,0.026139,-0.064473,-0.005439,0.072257,-0.068644,0.028902,0.053596,0.060067,-0.028853,0.037757,-0.009644,-0.108643,0.064333,-0.071675,0.034962,0.035130,0.003920,-0.006131,-0.008278,0.140303,-0.030664,-0.023154,-0.033135,0.021241,-0.051599,0.032477,-0.007699,0.002244,-0.050049,0.078358,-0.009324,0.109797,0.051486,0.013018,-0.008656,0.015355,0.044147,-0.000676,0.034344,0.031606,0.122902,-0.011563,-0.090381,-0.077575,0.019969,-0.006081,0.007246,0.030510,-0.017848,0.012054,0.051152,0.031695,0.040812,-0.061370,-0.055587,-0.068838,0.096028,-0.094688,0.001474,-0.038017,-0.016227,-0.022206,-0.120242,0.017141,0.039305,-0.066863,-0.047834,-0.087561,-0.014998,-0.013813,-0.028643,0.014205,-0.065873,-0.022221,-0.005777,0.069460,0.004244,0.053221,-0.021917,0.053701,-0.048120,-0.086072,0.027566,-0.040668,-0.033879,0.053955,0.003990,-0.011084,0.056254,0.036950,0.093227,-0.035452,0.013559,0.004956,0.062868,0.003356,0.057847,0.068090,0.000117,-0.040595,0.034091,0.025881,-0.069608,-0.056455,-0.021851,0.046162,-0.010829,-0.018723,0.006502,0.050360,0.024375,0.047617,-0.036830,-0.031385,-0.000000,-0.025149,-0.023378,0.044561,0.034775,-0.030219,-0.064702,-0.060720,-0.024030,0.032434,0.018717,0.008535,-0.038158,0.043914,-0.075391,0.194329,0.076985,0.005223,-0.111046,-0.018844,0.005844,0.016636,-0.021258,0.029623,0.024112,0.029615,0.052812,0.013345,0.005978,0.036086,-0.005154,-0.088534,0.006574,0.064798,0.026764,-0.015715,0.045234,-0.059553,-0.055970,0.058713,0.002915,0.025312,-0.059193,-0.010591,-0.002276,0.069601,-0.051457,0.070804,0.038388,0.032084,0.054979,-0.007884,-0.002955,0.036763,-0.067309,-0.006633,0.040604,0.032162,-0.010567,-0.041787,0.123059,-0.123018,-0.103946,0.090914,-0.039146,-0.033164,0.070159,-0.028809,0.002927,-0.021299,-0.031481,-0.122179,-0.070997,-0.014546,0.079060,-0.006907,-0.034419,0.014280,0.051337,-0.012349,0.019777,-0.071745,-0.040086,-0.040184,-0.015016,0.025433,0.010772,-0.007093,-0.017976,0.015597,-0.031600,-0.038285,0.002414,-0.025683,0.079393,0.047480,0.000000,-0.004800,0.030112,-0.052985,0.036921,-0.017872,-0.003820,0.022641,-0.026910,-0.020655,0.025246,0.028413,-0.022092,-0.011714,0.015157,-0.082811,0.051627,0.049094,-0.037774,0.026191,0.007138,-0.032515,0.126442,0.079415,-0.066049,-0.008659,0.037923,-0.001630,0.012613,-0.079265,0.000015,-0.026716,-0.018605,-0.053542,0.040677,-0.003421,-0.060197,-0.108158,0.003362,-0.074721,0.002057,0.093346,-0.019028,0.002973,0.071420,-0.038620,-0.014034,0.035542,0.067796,0.015158,-0.018416,0.066755,-0.033900,0.033265,0.046700,0.022961,-0.081811,0.003330,-0.003737,0.038576,-0.046078,0.004400,0.081158,-0.025794,-0.052236,0.031498,-0.100209,-0.047329,0.036280,0.029949,-0.039461,-0.028275,0.023070,0.115269,-0.030112,-0.060135,0.020610,-0.043549,-0.087819,0.054898,-0.087719,-0.177961,-0.000747,0.004710,0.077337,-0.077221,-0.043100,-0.072503,-0.079062,0.038683,-0.017870,0.024333,0.003036,0.096820,0.059804,-0.098565,-0.000000,-0.008589,0.054729,-0.116486,0.041228,0.004413,0.051048,-0.031216,-0.087545,-0.029274,0.013695,0.118819,0.013789,0.062876,0.047663,-0.033787,-0.025348,0.016065,0.067319,-0.045702,-0.013015,0.003741,-0.144032,0.034366,0.033020,0.064694,-0.080535,0.034439,-0.018584,-0.046731,-0.026170,-0.039667,-0.019979,0.052708,0.039741,0.116751,0.039879,-0.015487,-0.001374,0.073104,0.006668,0.014963,0.050937,0.020942,0.025713,0.003568,0.032920,-0.090867,-0.010221,0.072185,0.035307,-0.002455,-0.013725,0.000016,0.038832,0.027830,-0.001489,0.004536,-0.002894,-0.067328,0.004946,0.032433,0.032561,0.048029,-0.014681]'::vector);
INSERT INTO article_embeddings (article_id,embedding) VALUES (900010,'[-0.024522,-0.062018,0.022165,-0.058936,0.006463,-0.023475,-0.046003,0.069134,0.028869,0.020377,-0.003270,-0.042801,0.040590,0.000991,-0.053464,0.014835,-0.034000,-0.004676,0.087086,0.049571,0.118139,-0.033838,-0.013320,0.018514,-0.070252,0.062482,-0.051662,0.046799,0.033576,-0.045554,-0.032293,0.001368,0.037933,-0.059483,0.031367,-0.019150,-0.022433,0.013070,-0.000993,0.004343,0.023639,-0.068707,0.084240,-0.025706,0.041657,0.013498,-0.008248,-0.037558,0.044726,0.038178,-0.014660,0.025226,0.026558,0.108715,0.009071,-0.086697,-0.048256,0.021632,0.008114,-0.012136,0.014670,0.043244,-0.033159,0.028867,0.054666,0.063694,-0.028339,-0.046408,-0.040482,0.005252,-0.059073,-0.038718,-0.003254,0.002159,0.006149,-0.099685,-0.036630,0.050141,-0.021765,-0.038563,-0.077518,-0.051096,0.009537,-0.004414,-0.009098,0.022916,-0.040009,-0.040509,0.071009,-0.050375,-0.053872,0.048607,0.101209,-0.034451,-0.014990,-0.035851,-0.062551,0.057635,0.065541,0.056362,-0.022851,0.051414,0.064691,0.077186,0.003584,-0.018236,-0.024307,-0.013200,0.071477,-0.047198,0.039104,0.035788,-0.039853,0.042219,0.057816,-0.079962,-0.101016,0.026555,0.014738,0.088361,-0.091688,0.001519,0.011922,0.026521,0.083287,-0.000753,0.022423,-0.000000,0.003137,-0.103313,0.040053,0.016961,0.057594,0.013562,-0.050448,0.039006,-0.004275,0.040335,0.068292,-0.040555,0.016824,0.017349,0.099315,0.038059,-0.017931,-0.105822,0.059192,-0.033746,0.022008,-0.037269,0.032390,0.064665,0.001968,-0.022061,0.007602,0.048175,0.092361,0.009273,-0.064710,-0.003554,0.034762,0.071779,-0.008239,0.067270,0.017247,0.010356,0.013436,0.013125,0.020329,-0.051518,0.046657,-0.045052,-0.019621,-0.122396,-0.010046,0.071168,0.103895,0.029619,-0.018646,-0.008795,0.017594,-0.029769,-0.013703,0.010253,-0.062493,0.034990,-0.021948,0.108095,-0.136030,0.045925,-0.036847,0.025957,-0.009454,0.077071,-0.024699,-0.093682,0.056164,-0.015121,-0.165802,-0.005051,-0.084322,-0.016651,0.007067,-0.046395,-0.031516,0.039439,-0.003410,0.071164,-0.053782,-0.097506,-0.049977,0.074116,0.043722,0.057668,0.078864,-0.077032,-0.017276,-0.078673,-0.039271,0.037703,-0.037661,0.052221,0.097500,-0.000000,-0.039275,0.072743,0.018704,0.063523,0.038296,0.046023,0.064171,-0.162955,-0.024159,0.048850,0.053708,-0.000731,-0.014782,-0.036062,-0.138225,0.017983,-0.009960,-0.045829,0.025452,0.022147,-0.014507,0.099241,0.041508,-0.045460,-0.009603,0.025438,-0.014525,0.056443,-0.068621,0.019006,-0.043880,0.012585,0.032758,-0.005971,-0.090269,0.010257,-0.098290,0.011197,-0.018537,-0.019463,0.024987,-0.017097,0.008435,0.041050,-0.068225,0.031761,0.029902,0.021882,-0.019991,0.019234,0.012199,-0.004354,-0.045287,0.015880,0.008782,-0.085587,-0.029478,0.027365,0.018079,-0.021573,0.008787,0.049332,-0.027098,-0.014581,0.048404,-0.098642,0.005773,0.053602,0.024329,0.005898,-0.007563,0.084705,0.183857,-0.071667,-0.006067,-0.002668,-0.049151,-0.091926,0.022919,-0.095883,-0.027978,-0.032304,0.003759,0.042740,-0.030793,0.006621,0.029962,-0.015337,0.049401,0.024937,0.003501,0.070703,0.085804,-0.009677,-0.008924,-0.000000,0.007896,0.043232,-0.051786,0.017664,0.010193,-0.003035,0.018245,-0.056888,-0.077608,-0.085160,0.079255,0.060075,0.020951,0.020248,0.036201,-0.032330,-0.008432,0.077419,-0.082058,-0.006567,-0.056136,-0.118999,0.033921,0.051743,0.067941,-0.045303,0.015478,-0.069169,-0.048166,-0.031964,-0.013192,0.012831,0.002275,-0.009345,0.097503,0.029348,-0.100420,0.029272,0.048663,-0.038002,-0.028107,0.012147,-0.069908,0.019209,-0.005910,0.001406,-0.075523,-0.020278,-0.004271,0.078425,-0.027595,-0.064752,0.036189,0.028440,0.047775,0.007179,-0.028374,0.004644,-0.087253,-0.006431,0.027075,0.073317,0.059829,-0.122685]'::vector);
INSERT INTO article_embeddings (article_id,embedding) VALUES (900011,'[0.005838,0.027678,-0.078406,0.037842,-0.010467,-0.005188,0.023552,-0.005162,-0.024882,-0.080728,0.046808,0.027005,0.122384,0.009270,-0.005899,0.023602,-0.007350,0.032953,-0.051455,0.049060,0.094571,-0.030090,-0.007003,-0.000648,-0.018645,-0.031734,0.093418,-0.010469,0.042259,-0.038462,-0.059238,0.046313,0.035116,-0.047620,-0.016329,-0.086845,0.020833,0.053471,-0.051863,-0.012506,-0.026326,-0.058629,0.029538,0.070516,-0.020119,0.037234,-0.014679,-0.023168,0.039448,-0.027541,0.021189,0.001667,-0.041557,0.041840,0.056886,-0.080099,0.048298,0.000354,0.017761,-0.040707,0.011844,-0.098524,-0.015783,-0.037839,0.009934,-0.012298,-0.025236,-0.094607,-0.128197,0.016644,0.012717,-0.043503,0.051425,0.032091,0.011060,0.028904,-0.017865,-0.017563,0.038461,-0.059216,-0.054742,0.050311,-0.011572,-0.039593,0.083738,0.012511,0.052289,-0.046321,0.016199,0.042517,-0.012333,0.059832,0.123978,0.021522,0.041215,0.052056,-0.023417,-0.009018,-0.026065,0.008069,0.032837,0.009744,0.005445,0.031375,-0.177545,0.025842,-0.059391,0.015672,-0.005198,-0.057363,0.108124,0.036431,-0.106609,-0.063322,0.043184,-0.067344,0.003712,0.062390,0.022173,-0.040561,-0.068678,0.007899,0.041477,-0.017721,0.057309,0.026021,0.034198,-0.000000,-0.059914,-0.016890,-0.048494,0.078157,0.052159,0.038438,-0.022657,0.049717,0.121899,0.055594,0.002942,0.079453,0.026976,-0.036517,0.085737,-0.025439,0.031507,0.022919,-0.020263,-0.037587,0.007870,-0.051839,0.027611,0.010425,0.075986,0.062817,-0.022648,0.025819,-0.036010,0.030678,-0.014359,0.053089,0.004532,0.039757,-0.026732,0.077207,-0.064273,-0.036220,-0.017807,-0.020614,-0.027395,-0.023387,-0.007776,-0.058550,-0.084465,-0.057846,0.001226,0.004847,-0.005788,0.065888,-0.076355,0.060946,0.080525,-0.048784,0.031091,0.037408,0.011551,0.069609,0.101774,0.013067,-0.076801,0.045536,0.034900,0.012437,-0.041501,0.037878,-0.004653,-0.047786,-0.067508,-0.054816,0.046289,-0.031593,-0.107222,0.009958,-0.016129,-0.026833,-0.015297,0.037925,-0.107848,-0.028340,-0.159452,0.033158,-0.006464,0.002639,0.044689,-0.014106,-0.004575,0.014794,-0.057685,-0.026234,0.049663,-0.038662,-0.016898,0.030675,-0.022559,-0.000000,-0.088326,-0.015703,0.032625,0.006933,0.038424,-0.029508,-0.018070,-0.078373,0.021991,0.029940,0.028362,-0.000692,-0.036496,-0.070834,0.006805,0.088726,-0.075853,-0.040978,0.018742,-0.000065,0.007185,0.004308,0.005036,0.014943,-0.010287,-0.004827,-0.012280,-0.018261,0.026182,0.022840,-0.048771,-0.030473,0.007029,0.041986,-0.046779,-0.062020,-0.008284,0.010262,-0.005548,0.027725,-0.005699,0.038333,0.087192,0.100077,-0.078415,-0.098203,0.099824,-0.055935,-0.043750,0.039969,0.042061,-0.076582,0.036841,0.061757,0.008304,0.001685,0.069792,0.088839,0.041608,-0.068678,0.106556,-0.006095,0.016370,0.097984,-0.045250,-0.030921,0.034887,-0.003498,0.015624,0.005212,-0.033324,-0.013542,0.003377,0.036210,-0.115199,-0.036410,0.047995,-0.007182,0.027405,-0.053107,-0.062967,-0.076771,-0.015366,0.052148,0.004806,-0.055511,0.100470,-0.004209,0.092437,0.015982,-0.048086,0.058378,-0.014271,0.034523,-0.097054,-0.000000,-0.109750,-0.026283,-0.032559,-0.051652,0.030513,-0.049847,0.061764,-0.011740,-0.082407,0.051654,0.142972,-0.070825,0.076141,0.012445,0.061807,-0.001466,-0.004564,0.065071,-0.067684,0.023616,-0.043944,-0.018136,0.086606,0.090786,0.071430,0.005441,-0.001294,0.019911,0.036731,-0.052559,-0.052389,0.030127,0.008076,0.005451,0.019286,0.055324,-0.023721,-0.009677,0.088844,0.013614,-0.006255,-0.127480,0.012782,0.045676,-0.005724,0.045010,-0.153639,-0.074478,-0.043603,0.057174,-0.004025,-0.010030,-0.020173,0.011847,-0.026657,0.006976,-0.050012,0.013852,0.013170,-0.073101,-0.040389,0.117182,0.054181,-0.074270]'::vector);
INSERT INTO article_embeddings (article_id,embedding) VALUES (900012,'[0.050533,0.006391,-0.037161,0.035753,0.045524,0.071312,0.026985,0.024204,0.015607,-0.035884,-0.044816,-0.008034,0.079914,-0.025675,-0.036934,0.030642,-0.000055,0.001558,-0.020441,0.035889,0.099941,-0.050596,-0.042052,0.001519,-0.034116,-0.010343,0.025212,0.039294,0.048802,-0.061986,-0.031393,0.061902,0.104626,-0.007198,-0.023224,-0.087077,-0.078345,0.021950,-0.040941,0.065046,0.025420,-0.056281,0.010988,0.061584,0.037093,0.064837,-0.037894,0.037020,-0.000292,-0.007896,0.005847,-0.012785,-0.046771,0.030281,0.007406,-0.027650,0.007120,-0.024466,0.025643,-0.012008,0.034623,-0.099715,-0.029079,0.012692,-0.001976,-0.031769,-0.004626,0.031190,-0.053805,-0.018568,0.055162,0.033250,0.005271,-0.015038,0.031345,0.083733,-0.014127,-0.013199,0.087782,-0.025988,-0.010250,0.049905,-0.005150,-0.035183,0.061072,-0.010138,0.037582,-0.041781,0.004188,0.051158,-0.093144,-0.001674,0.111216,0.022090,-0.021954,0.076350,-0.020952,-0.045822,0.040439,0.051801,-0.004836,0.026534,0.053083,0.026758,-0.154882,-0.018976,-0.086479,0.024723,-0.011179,-0.074077,0.138034,0.044305,-0.110344,-0.031092,-0.055092,-0.018828,0.009740,0.079861,0.037463,-0.023049,-0.061134,0.005719,0.033785,0.033325,0.064669,-0.004591,0.001354,-0.000000,-0.063589,-0.103975,-0.019747,0.113022,-0.009778,-0.014921,0.010211,-0.035318,0.038285,0.024270,0.019761,0.099997,0.021425,0.022382,0.143468,-0.073620,-0.051524,0.131874,-0.030094,-0.079306,-0.006926,0.096968,0.044180,-0.019869,0.048219,0.056490,-0.064847,-0.051880,-0.067309,0.028509,0.010377,0.012892,0.012173,0.040045,0.024240,0.042177,-0.012999,-0.027524,0.024381,-0.000416,-0.020164,-0.052483,0.018077,-0.082899,-0.128722,-0.045330,0.020885,0.013100,0.026850,0.051747,-0.063232,0.001067,0.096501,-0.028276,0.064108,0.036621,0.023532,0.024262,0.082554,0.038878,-0.105389,-0.005872,-0.012882,0.002126,-0.002046,0.043647,0.042343,-0.083949,-0.000918,-0.011075,0.031079,-0.038062,-0.074367,0.044005,-0.015675,0.000486,-0.002202,0.071298,-0.110195,0.026309,-0.157076,0.047006,-0.048936,-0.051610,-0.004054,-0.017105,0.032449,0.001202,-0.013379,-0.019090,0.036839,-0.024263,-0.034085,0.049447,0.007799,-0.000000,-0.073105,0.011298,0.058110,0.008886,0.054994,-0.010532,-0.017651,-0.078287,0.011262,0.030778,-0.033784,0.047332,-0.015840,-0.026975,-0.084201,0.060722,-0.032578,-0.005374,-0.018307,-0.039474,0.033182,0.027654,0.068449,-0.050505,0.009259,0.001847,-0.000101,0.029761,0.023082,0.017764,-0.043882,-0.109378,-0.018541,0.012452,-0.054880,-0.012111,0.056021,0.056170,0.007358,0.062356,0.025176,-0.024175,0.000513,0.120400,-0.014042,-0.059923,0.052441,-0.079272,0.026797,0.006482,-0.016423,0.001088,-0.036667,0.067358,-0.023024,0.007196,0.032923,0.073210,0.047199,-0.015493,0.081694,0.007642,-0.052263,0.023402,-0.036866,0.017777,-0.015471,-0.095257,-0.050361,0.007402,-0.045551,-0.014196,0.005907,-0.006815,-0.059358,0.009740,0.031951,0.054841,0.053761,-0.035873,-0.115466,-0.037131,0.013235,0.078291,0.034038,-0.010059,0.098976,-0.004644,0.026599,0.022839,-0.006136,0.036700,0.048332,0.056245,-0.060254,-0.000000,-0.029220,-0.006164,-0.039775,-0.035820,0.032596,-0.078855,0.010195,-0.012507,-0.083787,0.067547,0.170698,-0.040065,0.032310,-0.024360,0.044879,0.030809,-0.110589,0.058367,-0.102754,-0.047608,0.017688,0.010797,0.066833,0.041207,0.081511,-0.029656,-0.001782,-0.016108,0.005966,-0.037701,-0.013463,0.029384,0.043862,-0.018962,0.058738,0.056971,-0.056984,-0.011569,0.049430,-0.061980,-0.083866,-0.114058,-0.024003,0.015352,0.038863,0.071027,-0.187281,-0.023917,-0.055345,-0.046123,-0.080596,0.001063,-0.026613,0.034756,-0.012305,0.028026,-0.023068,-0.008052,0.045743,-0.061344,-0.036876,0.054747,-0.027442,-0.079535]'::vector);
INSERT INTO article_embeddings (article_id,embedding) VALUES (900013,'[0.013752,0.075853,-0.049824,0.031469,0.037331,-0.020819,0.008730,0.003349,0.062324,0.022010,0.004287,0.011189,0.059316,-0.008990,0.008490,-0.034569,-0.025351,-0.013441,-0.045138,0.023248,0.125961,-0.057734,0.013540,-0.002959,0.067511,-0.064622,-0.018194,0.080811,0.107490,-0.032166,-0.082948,0.025881,-0.040709,-0.026151,0.070894,0.006019,-0.001227,0.005355,-0.021483,0.049415,0.083059,0.012132,0.018331,0.034253,0.036936,-0.002322,-0.010223,-0.027470,-0.073688,0.018081,-0.019911,0.037781,0.011034,0.028774,0.016731,-0.101144,0.087352,-0.057947,0.053791,-0.007522,0.054535,-0.154396,-0.060048,0.018297,0.006656,-0.019918,0.006553,0.001627,-0.022922,0.008258,0.030402,-0.037929,-0.010928,0.022295,0.005581,0.058727,-0.048939,-0.027240,0.067146,-0.083422,0.067062,0.044821,-0.049702,-0.000237,-0.018491,-0.028207,0.022652,0.006730,0.074931,-0.044307,0.033993,0.092132,0.110423,0.066083,0.030167,0.053586,-0.038925,-0.040741,-0.047198,0.042931,0.028368,0.069244,0.000235,0.003957,-0.029324,-0.051303,-0.043966,0.042205,-0.060091,-0.034661,0.035112,0.040677,-0.054096,0.012550,0.022355,-0.003618,0.095217,-0.026320,0.052934,-0.062754,-0.002522,-0.020545,-0.089114,-0.035967,0.005966,0.030546,-0.011266,-0.000000,-0.025313,-0.056909,0.000720,-0.003392,0.070720,0.018148,-0.049588,0.043913,0.038501,0.099432,0.016707,-0.041822,0.084323,0.039163,0.110783,-0.033751,0.077960,0.059381,0.026654,0.003914,0.050133,-0.005010,0.017046,-0.048632,-0.044727,0.020306,-0.040213,-0.106846,-0.040380,0.003704,0.036159,0.064828,0.040944,0.029073,0.011899,0.043164,0.056359,0.010923,0.000330,-0.000630,-0.080375,0.006229,0.066724,0.023572,-0.002405,-0.053584,0.058087,-0.052008,0.012893,0.046826,-0.043832,0.095786,0.000455,0.052908,0.018740,0.086687,0.004777,0.008595,0.087233,0.072607,-0.040593,-0.060027,-0.047098,0.019783,0.083076,-0.082622,-0.013915,-0.023330,-0.041485,-0.008992,0.024115,-0.072882,-0.126392,-0.031077,-0.008732,-0.055219,-0.033441,0.041701,-0.093241,-0.073696,-0.067538,-0.009767,0.012756,-0.093356,0.050724,-0.042592,0.033423,-0.000526,-0.060537,-0.062787,0.016260,0.007568,0.039810,0.057246,-0.041744,-0.000000,-0.119629,0.067494,-0.042256,0.015246,0.039472,-0.011770,0.007431,-0.103304,-0.025093,0.018845,-0.092020,0.026152,0.002784,0.026859,0.029971,0.031221,-0.066095,-0.005517,-0.049403,-0.003505,0.078926,-0.008944,0.038409,0.032281,-0.069417,0.052065,0.009596,-0.063922,0.027904,0.051168,-0.048437,0.057280,-0.038459,0.070778,0.035252,-0.035498,0.012020,0.002336,-0.022703,0.044589,0.048008,0.016421,-0.001917,0.027332,-0.026083,-0.056906,0.010888,-0.070699,-0.041197,0.048051,-0.050874,-0.006267,-0.071598,0.132997,0.052518,-0.034311,0.049556,0.051919,0.042555,-0.043117,0.017442,-0.011498,-0.068477,0.068944,0.034209,0.032552,-0.031660,-0.118018,0.052669,0.031555,-0.048614,0.074393,-0.062480,-0.073432,-0.079117,0.000595,0.058452,-0.030256,-0.029812,-0.074985,-0.027017,0.019382,0.016274,-0.014197,-0.054086,-0.076379,0.114026,-0.035061,-0.017582,0.038695,-0.007195,-0.027691,0.025086,-0.026070,0.005209,-0.000000,-0.101352,0.056591,0.019905,0.032270,0.028078,-0.078276,0.028649,-0.026018,-0.084966,-0.000839,0.101059,-0.042960,0.085752,-0.032214,-0.024253,-0.014895,-0.008125,0.081158,-0.058376,0.083264,-0.044118,0.042260,0.004799,0.001527,-0.023102,0.056390,0.059827,0.020706,0.101843,-0.014948,0.021581,-0.022296,0.048598,-0.006946,-0.058089,0.040576,-0.049882,-0.059325,0.008587,-0.087468,-0.094224,-0.137886,0.036974,0.014147,0.041213,0.029932,-0.191793,-0.029116,0.033424,-0.005683,-0.040410,-0.029762,0.004762,0.007708,0.026598,-0.041479,-0.090645,-0.013321,-0.016221,0.042602,0.021784,0.036816,-0.052984,-0.086195]'::vector);
INSERT INTO article_embeddings (article_id,embedding) VALUES (900014,'[0.037818,0.050516,-0.052570,-0.019526,0.009160,0.038087,0.042697,0.069623,-0.077648,0.019920,0.095738,-0.026400,0.057854,-0.021425,-0.046752,-0.053433,0.040328,0.014315,-0.099166,0.026741,0.016202,-0.010735,0.068709,0.044808,-0.133321,-0.005275,-0.031020,0.053573,0.027214,-0.019460,0.022289,-0.054744,-0.015475,-0.001776,-0.001388,-0.064112,0.026002,-0.029818,0.031271,-0.004473,-0.056829,-0.090612,-0.081587,-0.011129,0.013566,0.024737,0.022448,-0.038116,0.028835,-0.127874,-0.014420,0.024380,-0.023001,-0.019353,-0.066830,0.007876,0.039076,-0.030434,-0.051695,0.033316,0.065549,0.006606,-0.075016,0.017660,-0.007998,-0.021310,-0.067472,-0.085541,0.113994,0.052757,0.034900,-0.019458,0.012185,0.002856,-0.010591,-0.038169,0.068911,0.049919,0.037325,-0.033223,0.048870,-0.009859,0.083313,0.021467,0.002732,0.027076,-0.032613,0.031708,-0.001359,0.039513,-0.041247,-0.050846,0.068002,0.028189,0.030204,0.014917,-0.004100,-0.012804,0.084918,-0.032150,0.078266,-0.033415,-0.007963,0.004301,-0.059677,0.068809,-0.086852,0.020834,0.000639,0.023974,0.025745,0.003059,-0.017298,-0.022227,-0.107637,0.049000,-0.096942,0.023445,0.046313,0.077531,0.003310,-0.007455,0.125847,-0.017948,0.038942,-0.002181,0.031633,-0.000000,-0.033602,-0.028440,-0.079477,0.098964,-0.029034,0.022307,-0.065272,-0.043890,-0.005868,-0.005540,0.026813,-0.048438,-0.024627,-0.066636,0.062651,-0.058958,-0.059844,0.058634,-0.101333,-0.073794,-0.038881,-0.076625,-0.000808,0.062340,0.103867,0.081500,-0.025609,-0.004112,-0.005465,0.043414,-0.103469,0.067570,-0.022201,-0.013674,0.045246,0.076075,-0.147858,-0.049279,-0.038209,-0.025106,0.034861,-0.067693,-0.003193,0.079036,0.062405,0.071984,-0.038145,0.007345,0.033452,-0.035937,-0.048262,-0.075542,0.058346,0.016362,-0.022763,0.105092,0.041628,-0.037092,-0.028996,-0.022627,-0.062387,0.086405,-0.061739,0.044879,0.038971,-0.040483,-0.031133,0.001009,0.049640,0.005665,-0.078840,0.053038,-0.022978,-0.019125,-0.042000,-0.007059,-0.007544,0.042830,-0.044367,-0.070886,-0.027541,0.113132,-0.040846,0.011633,0.123568,-0.053955,-0.052937,0.022953,-0.041149,0.083570,-0.015423,-0.004898,0.017343,0.039200,-0.024866,0.000000,0.006186,-0.031891,0.009111,0.043251,-0.005100,-0.034266,-0.066907,-0.054932,0.019594,0.069556,-0.092390,-0.035160,0.019499,-0.031764,-0.055662,-0.041526,0.060063,0.007457,-0.082875,0.032285,0.051437,-0.058637,-0.024957,0.072464,-0.030930,-0.043917,-0.012380,-0.011133,0.047902,-0.001907,0.072443,-0.064856,0.015303,0.060622,-0.029343,-0.049602,0.033230,-0.045457,0.009231,-0.036074,-0.003865,0.037649,0.005498,0.039918,-0.035304,0.004817,0.046586,-0.043920,-0.066114,0.004847,0.024515,-0.059296,-0.004638,0.030529,0.036884,0.046668,0.048930,-0.020552,0.002686,0.055974,0.099852,0.046523,-0.023865,-0.047763,-0.064415,-0.017461,-0.110251,-0.017300,0.031170,-0.010043,0.002074,0.051153,-0.061278,-0.032861,-0.074898,-0.061642,-0.006817,-0.070769,-0.014389,-0.035144,0.009319,-0.023655,0.014692,0.161668,-0.015843,-0.009646,0.043640,-0.056870,0.044503,-0.022436,-0.011756,0.073626,-0.036246,0.000785,-0.051070,-0.000000,-0.016692,0.026584,-0.034025,-0.036178,-0.048201,0.023871,0.023408,-0.090005,-0.076271,0.011984,-0.024688,0.032904,0.024363,0.030529,-0.045642,0.021689,0.078000,0.081228,-0.056314,-0.010097,-0.015041,0.034884,0.047101,0.094162,0.057421,0.000011,-0.016494,0.045343,0.039952,0.042473,0.013885,-0.008966,0.089037,0.100446,0.029689,-0.011301,-0.000943,0.063759,0.072683,-0.037401,0.052979,0.086802,0.029585,0.093010,-0.008844,0.019289,-0.109952,0.009273,-0.032736,-0.012991,0.011011,-0.090509,-0.034260,0.157991,0.016541,0.009386,0.005994,0.006468,0.053108,0.037587,-0.089185,0.089050,0.096472,0.017265]'::vector);
INSERT INTO article_embeddings (article_id,embedding) VALUES (900015,'[0.016368,0.059322,0.003908,-0.031958,0.090704,0.050796,0.066797,0.052957,-0.052259,0.048926,0.060527,-0.022855,0.069924,0.008592,-0.020328,-0.024163,0.131116,0.048827,-0.127338,0.075961,-0.014590,0.000652,-0.014098,0.075466,-0.150585,-0.018592,-0.044132,0.110150,-0.039321,-0.044757,-0.021660,-0.040286,-0.031630,0.020351,-0.000552,-0.061363,-0.045742,0.010404,0.005547,0.027448,-0.043155,-0.075004,-0.045321,-0.036872,0.033815,-0.001682,0.015464,-0.029365,0.022317,-0.112725,-0.008956,-0.004777,-0.023397,-0.048660,-0.039216,-0.075983,0.034969,-0.061665,-0.036903,0.015827,0.040950,-0.024415,-0.040000,0.034794,-0.029148,-0.013819,-0.032478,0.006673,0.043017,0.022076,0.041066,-0.014546,0.030015,-0.013810,-0.008748,-0.010219,0.038526,0.036637,0.070019,-0.080023,0.070507,-0.036876,0.008071,0.020169,0.018106,-0.012520,-0.023291,-0.032315,0.045048,0.048143,-0.100639,0.047397,0.130905,0.025087,0.006379,0.035929,0.002344,0.021635,0.068094,0.055258,0.075618,-0.003808,-0.053688,0.009591,-0.060989,0.048875,-0.102130,-0.056483,0.014731,-0.033730,0.039206,0.013148,-0.021603,-0.054431,-0.120367,0.044079,-0.083307,0.018679,-0.013009,0.100531,-0.015290,-0.059049,0.036938,-0.023673,0.075933,-0.000017,0.026742,-0.000000,-0.041694,-0.085014,-0.015981,0.101651,-0.000114,-0.019772,-0.075947,-0.013261,-0.041179,-0.016091,0.000383,0.038516,0.001721,-0.033580,0.053916,-0.003842,-0.046781,0.035052,-0.120959,-0.061184,0.002778,-0.062990,-0.070442,0.039388,0.048378,0.088539,-0.014300,0.021704,0.022171,0.069954,-0.133945,0.041189,-0.058114,0.031139,0.058028,0.059436,-0.115328,-0.038408,-0.050137,0.041704,-0.007233,-0.051985,-0.008458,0.031933,0.093174,0.021266,-0.010055,-0.011069,0.031326,-0.031866,-0.036331,-0.053458,0.045942,-0.011805,-0.003104,0.085023,0.036132,0.012307,-0.047949,-0.012701,-0.091831,0.080955,-0.075680,0.018346,0.103476,-0.007864,-0.039090,-0.041691,-0.018763,0.027457,-0.034764,0.012750,-0.053192,-0.021030,-0.034076,-0.040077,0.028793,0.104085,-0.009252,-0.065585,-0.006054,0.018852,-0.066079,-0.005061,0.056347,-0.038026,-0.023095,-0.057273,-0.041350,0.100430,-0.005275,0.022323,-0.039002,0.067719,-0.041070,0.000000,-0.002176,-0.002410,-0.029696,0.071644,0.072228,-0.014993,0.028283,-0.056382,-0.021006,0.098330,-0.077250,-0.070042,0.054843,0.003103,-0.078806,-0.036918,0.066764,0.033783,-0.078080,0.030201,0.058325,-0.026508,0.012113,0.051888,-0.014314,-0.026834,-0.041819,0.013352,0.036284,0.017448,0.037949,-0.058649,0.002203,0.011869,-0.015830,0.063425,0.032860,-0.078524,-0.042507,-0.049965,-0.044954,0.016089,0.010078,0.046862,-0.058013,-0.016474,0.023722,-0.083989,-0.046063,-0.008005,0.004582,-0.019581,-0.016454,0.055360,-0.011311,0.007159,0.064632,0.008427,-0.026518,0.071832,0.104679,0.023194,-0.029928,-0.011984,-0.065958,-0.028409,-0.107988,0.010803,0.005529,0.014810,0.042202,0.045896,-0.095475,-0.074981,-0.100481,-0.053329,-0.023970,-0.029921,-0.054751,0.014185,0.034314,-0.060158,-0.007883,0.107492,0.002993,0.025314,0.020153,0.013432,0.012145,0.012804,0.013324,0.054712,-0.024573,0.028338,-0.053992,-0.000000,0.017047,0.089710,-0.003996,0.005336,-0.034656,-0.017255,0.036309,-0.141062,-0.075811,0.032984,0.039072,-0.016249,-0.000926,0.048336,-0.012627,0.070637,-0.015592,0.031862,-0.076350,0.032678,-0.009956,0.058220,-0.056549,0.088937,0.016994,0.031584,0.006564,-0.018683,0.059663,0.030471,-0.017822,0.022715,0.001510,0.056788,0.024807,0.058911,-0.023531,0.060888,0.048117,-0.061518,-0.024047,0.053299,-0.038446,0.108430,0.044304,0.032919,-0.076755,-0.052780,-0.079200,-0.030920,0.025348,-0.111136,-0.057232,0.142696,0.028570,0.073359,0.031074,0.017756,-0.000812,0.070567,-0.037469,0.018081,0.071417,0.008000]'::vector);
INSERT INTO article_embeddings (article_id,embedding) VALUES (900016,'[0.055995,0.000236,-0.048869,0.028138,0.053771,0.003979,-0.032075,0.089136,0.030559,-0.049917,0.023912,-0.046186,0.011176,-0.000613,-0.002774,-0.136053,0.063753,-0.033917,0.019526,-0.018700,0.022200,-0.048521,0.002944,0.037401,-0.129801,0.007675,-0.073418,0.091338,0.003037,0.012137,-0.049440,-0.018337,-0.018785,-0.004598,0.055678,-0.000333,-0.065745,-0.061366,-0.065697,-0.027586,-0.022004,-0.137270,-0.009021,0.019905,0.097638,0.060084,0.049722,0.015263,0.013695,-0.061789,0.007531,-0.005500,0.033362,0.013145,-0.086925,-0.056133,0.006844,-0.053849,-0.024146,-0.023333,0.047066,-0.012204,-0.077220,0.044758,0.016848,-0.076877,-0.038922,0.086314,-0.014360,0.021800,-0.006622,-0.009809,-0.019980,0.024497,0.035384,0.029552,-0.009664,-0.008350,-0.006644,-0.058363,0.095528,-0.044284,-0.010034,0.001643,-0.012444,0.019382,0.038790,-0.039218,0.097588,-0.037697,-0.019310,0.002195,-0.042115,0.008085,-0.090546,0.028610,-0.021826,-0.017603,0.006264,-0.045497,-0.091966,0.019966,-0.031492,0.034487,-0.051201,0.018541,-0.000956,0.078629,0.030200,-0.012095,0.009805,0.005334,0.053384,-0.040543,-0.044180,-0.016795,0.008708,-0.010714,-0.061827,-0.030605,-0.058919,0.015641,0.090606,0.011103,0.012932,-0.006603,0.111059,-0.000000,-0.041147,-0.098549,0.040163,0.047267,-0.006009,-0.060478,-0.040787,-0.039055,0.041973,0.052347,0.049734,-0.105418,-0.014280,-0.093380,0.033375,0.073822,0.011365,-0.027442,-0.037636,-0.018374,-0.019708,0.061791,0.089683,0.021339,0.134615,0.073011,-0.030523,-0.050768,-0.030872,0.032113,-0.000198,0.024267,-0.088084,0.062367,0.030256,0.064728,-0.037068,0.006456,-0.014291,0.018198,-0.034033,-0.038964,0.049562,-0.019868,0.008145,0.001865,0.037647,0.073380,-0.029032,0.052394,-0.023699,0.082932,-0.030095,-0.044913,0.006927,0.053600,0.057906,-0.022755,-0.042056,0.063224,-0.038892,0.098360,-0.047643,-0.091478,-0.066249,0.000609,-0.073078,-0.024554,0.082231,0.069856,-0.041772,-0.022015,0.025729,0.023169,0.107749,-0.028729,-0.063770,-0.035442,-0.048615,-0.044165,-0.076116,-0.053242,-0.000769,0.074682,-0.002575,0.001354,-0.014288,0.063303,0.004739,-0.048599,-0.072581,-0.029299,0.114051,0.075063,0.036364,-0.000000,0.084660,-0.046180,-0.006320,0.031088,0.043779,0.012740,-0.070620,-0.058767,-0.068208,0.029844,-0.039820,0.014473,0.045423,-0.051990,0.035634,0.124660,-0.024932,-0.042835,-0.061907,0.019095,-0.048689,0.024513,0.041244,0.005754,-0.036698,-0.013082,0.023223,0.026125,0.024024,-0.025235,-0.051925,-0.034516,-0.018755,-0.031839,-0.023341,0.038110,0.036399,-0.009154,-0.060967,0.003487,0.054720,-0.023389,0.006837,0.044797,0.040233,-0.003933,0.000759,-0.056079,0.098265,0.106799,0.128538,-0.086768,-0.078378,0.053263,0.009414,-0.000221,-0.016166,0.018536,-0.114778,-0.050349,0.063425,-0.014429,-0.013705,0.049432,-0.036810,-0.083086,-0.059720,0.074816,0.051289,0.018711,0.006951,-0.005886,0.022446,0.003256,0.006994,-0.059313,0.081405,-0.020213,0.059761,0.012771,-0.110671,0.019108,0.044746,0.077866,0.067469,0.040525,-0.030766,-0.079295,0.023229,0.026656,0.052350,0.082289,0.069236,0.027995,-0.088999,-0.000000,0.070519,-0.026973,0.003095,-0.022922,-0.009159,-0.127510,-0.072674,0.021206,-0.031687,0.119054,0.023959,0.119467,0.070913,0.014724,-0.074099,0.058987,-0.062058,0.084999,-0.050880,-0.032284,-0.058861,-0.013666,-0.052812,0.050199,0.052317,-0.074639,-0.012843,-0.126824,0.050924,-0.041790,-0.036710,-0.013783,0.058657,-0.030781,0.050073,0.011438,0.000713,0.041656,-0.000491,-0.001559,0.049766,-0.002877,0.039242,0.012872,0.000389,0.018857,-0.090756,0.017788,-0.008985,0.015942,-0.078527,-0.033012,0.002992,0.071974,0.007433,-0.031515,-0.066378,-0.046664,0.077109,-0.005014,-0.036121,0.015102,0.014359,-0.018965]'::vector);
INSERT INTO article_embeddings (article_id,embedding) VALUES (900017,'[0.091293,-0.001534,-0.055574,0.009961,0.048257,0.034775,-0.036859,0.020813,-0.019577,-0.050077,0.044702,-0.009174,-0.007141,0.052146,-0.002681,-0.135372,0.052914,-0.057262,-0.005294,-0.052223,0.093049,-0.067584,-0.025674,0.008058,-0.086708,-0.056659,-0.067687,0.057776,0.023131,-0.032271,-0.045773,0.002411,0.033809,0.003732,0.084617,-0.029622,-0.031591,-0.019006,-0.030229,0.004224,-0.027813,-0.108258,-0.062317,0.030643,0.063714,0.042547,0.011073,-0.031689,0.004580,-0.017545,0.022969,0.043673,-0.043038,0.024585,-0.058228,-0.129383,0.015419,-0.072140,-0.052547,-0.024157,-0.006588,-0.059652,-0.060064,0.036647,-0.030540,-0.027070,-0.085284,0.033977,0.027771,0.026640,0.011631,-0.026088,-0.024356,0.054001,0.036249,0.023069,-0.003052,0.025689,0.018106,-0.089222,0.007197,-0.037279,0.003616,-0.038956,-0.016134,0.034087,-0.022011,0.009652,0.117501,-0.014771,-0.010566,-0.026663,0.060471,-0.025732,-0.040999,-0.029464,-0.007702,-0.066901,0.008218,-0.014066,-0.077612,-0.006203,0.012249,0.029514,-0.068857,0.002720,0.016749,0.006210,-0.010757,-0.018131,-0.008193,0.090071,0.126077,-0.068889,-0.083278,0.023051,-0.023034,-0.027374,-0.009330,0.015172,-0.055482,0.013231,0.122730,-0.011094,0.004733,-0.000400,0.035388,-0.000000,-0.035988,-0.092848,0.028820,0.050526,0.020608,0.006920,-0.064585,-0.047963,0.024601,0.068432,0.040104,-0.077540,0.030670,-0.074585,0.122056,0.093621,0.073637,0.017072,0.054707,-0.023718,0.015564,-0.011201,0.049363,0.030663,0.101071,0.057252,-0.026256,-0.043220,0.051837,0.043276,-0.012159,0.048068,-0.051234,0.086916,0.040133,0.088871,-0.063192,-0.016500,0.015560,0.003007,-0.024950,-0.063397,0.016674,0.021012,-0.018507,-0.001802,0.018833,0.080188,-0.032259,0.070814,-0.054390,0.088084,-0.037695,-0.066469,0.011286,0.016079,0.027450,-0.025858,0.003586,0.060672,-0.036030,0.076638,-0.036905,-0.005147,-0.031827,-0.019924,-0.073719,-0.042768,0.101505,0.030370,-0.097644,-0.005180,-0.000473,-0.021256,0.056408,-0.032267,0.019332,-0.031440,-0.003279,-0.060903,-0.038980,-0.067471,0.014945,0.090054,0.053663,0.017964,0.000290,0.097617,-0.020844,-0.057310,-0.053678,-0.021917,0.023511,0.009370,0.046915,-0.000000,0.037935,-0.002517,0.004767,-0.045115,0.073409,0.037233,-0.046834,-0.092720,-0.023106,0.009446,-0.084509,0.018488,0.094291,-0.068832,-0.044504,0.038426,-0.052549,-0.035949,-0.059428,0.070669,-0.109678,0.014396,0.047546,0.025787,-0.023407,0.032553,-0.060775,0.071428,0.038521,-0.009585,-0.028729,-0.038909,-0.056362,-0.036943,-0.053565,-0.024693,0.028121,0.052907,-0.032613,0.032870,0.051038,-0.068958,0.004633,0.084698,-0.007965,0.006651,0.037589,-0.096380,0.042893,0.080988,0.055591,-0.027602,-0.071188,0.034280,0.018101,0.018058,0.054268,-0.030161,-0.045126,-0.030916,0.084644,-0.006182,-0.009454,0.060157,0.012859,-0.095507,-0.064058,0.047633,0.018435,0.017103,0.035093,-0.021158,0.041348,-0.013782,0.015932,-0.075875,0.056297,-0.052376,0.004366,-0.025561,-0.071500,-0.027023,0.049775,0.071135,0.092619,-0.013433,-0.012908,-0.095068,0.062137,0.064049,0.000686,0.064006,0.071839,0.042423,-0.061705,-0.000000,0.019970,-0.024919,0.004327,0.004286,0.039893,-0.094760,-0.046161,0.013010,-0.051572,0.122185,0.059883,0.114659,0.041215,0.024639,-0.044773,0.058268,0.007746,0.051860,-0.055379,0.003625,-0.101733,-0.013404,-0.060718,0.077448,0.032782,-0.067454,-0.035836,-0.116049,0.093158,0.020262,-0.016643,-0.034932,0.087924,0.032042,0.010869,-0.006342,-0.066760,0.038128,-0.023724,-0.009370,0.015270,-0.028409,0.029982,0.068568,-0.010579,0.033834,-0.152421,-0.051658,-0.012720,0.040648,-0.057433,-0.016345,0.029423,0.068499,0.038654,0.054083,-0.004465,-0.082155,0.100330,0.029270,-0.045423,0.021484,0.079496,-0.030428]'::vector);
INSERT INTO article_embeddings (article_id,embedding) VALUES (900018,'[-0.015671,0.047845,0.012720,-0.015695,0.001527,0.124582,0.099204,0.019344,0.107837,0.001490,-0.058056,-0.034571,0.069430,0.022603,-0.040686,0.021026,-0.019455,-0.034619,-0.008174,-0.024269,0.061319,-0.060696,-0.082254,0.059827,0.055850,0.018923,-0.085109,0.072603,-0.061333,-0.040260,-0.097704,-0.123594,0.036510,0.041718,-0.079913,-0.120220,-0.010670,0.031308,-0.027685,0.032544,0.055792,-0.085119,0.067067,0.104111,0.106756,0.061010,-0.051287,0.034212,-0.009383,0.005399,-0.021392,0.082453,-0.053979,0.014507,0.022443,0.088571,-0.041999,-0.021600,0.015321,-0.014173,0.040129,-0.050767,-0.052080,0.047124,-0.019088,-0.134895,0.014233,0.052138,0.011960,-0.013844,-0.013397,-0.000050,0.048490,-0.049125,0.069097,0.104774,-0.057528,-0.072792,0.012786,0.055297,-0.069561,-0.009393,0.062923,0.022430,0.007330,-0.074273,-0.008750,-0.011661,-0.003163,0.047752,-0.050630,-0.090931,-0.054415,-0.004780,-0.045550,0.035406,-0.091922,-0.067086,0.082066,0.058467,-0.019389,0.039760,-0.052915,-0.079939,0.045319,0.067883,-0.019556,0.082294,-0.000832,-0.026684,-0.044073,-0.032390,0.001989,0.038919,-0.068378,0.084393,-0.046552,0.000533,0.071365,-0.041185,-0.006689,0.018376,0.030330,0.037145,-0.046124,0.013510,-0.003564,-0.000000,0.030892,-0.052261,0.079919,0.052329,-0.067594,-0.025342,-0.066694,-0.037904,-0.058191,-0.024706,-0.005027,-0.018422,0.045425,-0.098267,0.122586,0.014163,-0.015302,-0.000608,-0.015845,0.025324,0.035978,0.066801,0.033411,-0.020758,0.084712,0.005299,-0.110025,0.007901,-0.036340,0.012080,0.039234,-0.075069,-0.054096,-0.015966,-0.029693,0.026464,0.057890,-0.056482,0.079858,-0.042931,-0.007051,-0.083042,-0.081657,-0.005153,-0.096451,0.043337,-0.037876,-0.008663,0.004703,0.041798,0.024012,-0.002702,0.043185,-0.039558,0.003628,0.011869,-0.010205,-0.029155,-0.036466,0.038434,-0.005957,-0.026832,-0.035763,-0.074591,-0.109890,-0.033912,0.067881,-0.001108,0.065783,0.033278,-0.040678,0.010757,0.045077,-0.051767,0.025869,-0.012176,-0.009161,0.011494,0.063792,0.036930,-0.098329,-0.052593,-0.016137,-0.058691,0.006717,-0.022679,-0.018670,0.060049,0.007463,-0.047069,-0.036158,-0.029451,-0.008949,0.095859,-0.041166,0.000000,-0.002374,-0.030669,-0.021723,0.074971,0.026845,-0.000900,-0.095145,-0.030916,-0.031858,-0.020220,0.006218,0.039326,-0.007628,-0.024569,-0.002258,-0.021569,-0.010113,-0.025432,-0.064181,0.014097,0.042326,0.064520,-0.009654,-0.034854,0.053229,0.000010,-0.045701,-0.034830,0.009997,0.037976,0.054388,-0.075834,-0.000666,-0.002648,-0.031573,0.052955,0.014467,-0.047179,0.038659,0.101342,0.073299,-0.054029,-0.032008,0.081854,0.112473,0.075512,0.072437,-0.016236,0.014702,0.024761,-0.012177,-0.012477,-0.066116,0.073268,-0.056555,0.033943,-0.066809,0.032334,-0.028775,0.027055,0.054731,-0.012303,-0.080517,0.129698,-0.035037,0.077083,-0.003282,0.010879,-0.082849,0.009771,-0.131240,0.047661,-0.007926,0.028821,0.020559,0.024336,0.015826,0.035136,-0.026259,-0.048639,-0.066602,-0.019340,0.039012,0.063951,0.045238,0.041254,0.122628,0.017607,0.037923,0.002437,0.013754,0.008314,0.050791,-0.051667,-0.015232,-0.000000,-0.113086,0.049846,-0.010115,0.095011,-0.071399,0.087872,-0.022430,0.023272,0.063211,0.033381,0.000567,-0.066004,-0.067527,-0.038434,0.023054,0.024310,-0.045950,0.080419,0.011555,-0.013711,-0.063834,0.010772,0.006374,-0.027869,-0.044646,0.038766,0.001513,0.084853,0.005242,-0.002392,0.063850,0.005585,0.026055,0.030233,0.120183,0.029012,0.004347,0.002034,0.023727,-0.012548,-0.079638,-0.043460,-0.012953,-0.008057,0.057006,0.042405,-0.018238,0.075550,-0.078650,-0.076127,0.057496,0.019380,-0.053044,-0.024091,-0.013240,0.058682,0.047140,0.016225,0.007888,-0.045349,-0.002804,-0.017310,-0.032100,-0.026687]'::vector);
INSERT INTO article_embeddings (article_id,embedding) VALUES (900019,'[-0.025963,0.002191,0.001138,-0.012364,0.000100,0.079515,0.004372,0.028757,0.029257,0.001590,-0.068697,-0.007229,0.064824,0.051631,-0.056027,-0.003684,0.066025,-0.021232,0.050968,-0.016156,-0.041581,-0.020572,-0.011227,0.050178,0.038285,-0.007295,-0.069987,0.065414,-0.000645,-0.048570,-0.061426,-0.059856,0.078206,0.002024,-0.042300,-0.031156,-0.050630,0.020517,-0.003191,0.061979,0.017365,-0.056559,0.059854,0.039232,0.096260,0.067587,-0.026517,-0.000290,-0.070584,0.045961,-0.027255,0.020839,-0.010049,-0.010015,0.021968,0.051949,0.008960,-0.106481,-0.015029,-0.060994,-0.025562,-0.029102,-0.054853,0.026996,0.053752,-0.046543,-0.049064,-0.000415,0.005323,-0.039525,-0.007481,-0.000219,0.061348,0.027156,0.029243,0.033815,-0.106786,-0.061028,-0.077126,-0.013826,-0.002017,-0.067902,-0.034241,0.030427,0.000885,-0.020477,-0.005065,0.042887,0.045888,0.031209,-0.010655,0.052724,-0.058324,-0.007234,0.020696,0.008251,-0.028721,-0.033639,0.098581,0.029190,0.013829,0.023401,-0.012602,-0.010199,0.021901,-0.014617,-0.012112,0.048416,-0.009262,-0.054255,0.025931,-0.072431,0.002326,0.027645,0.004064,-0.041725,-0.004277,0.011039,0.014773,-0.032025,0.031529,-0.003033,-0.007284,0.014367,-0.050428,0.041885,0.039709,-0.000000,-0.018231,-0.047502,0.089911,-0.029741,0.002130,-0.009940,-0.098452,-0.029257,-0.054409,0.054477,-0.028296,-0.015779,0.012376,0.069280,0.107456,-0.014913,0.089631,0.021863,-0.109312,0.018199,0.062662,-0.025618,-0.008498,-0.066164,0.052583,0.050070,-0.082396,-0.002384,-0.056173,-0.026038,0.029654,-0.048453,-0.031984,-0.014035,-0.051515,0.032291,0.022173,-0.027986,0.094328,-0.095443,0.022141,-0.006312,-0.042713,0.019573,-0.091859,0.067492,0.014598,0.067112,0.025154,0.082373,0.028146,0.003789,0.001662,-0.012224,0.015365,0.066055,0.007079,-0.015584,-0.046058,0.048283,-0.007124,0.031510,-0.077834,-0.054221,-0.027003,-0.015515,0.015935,-0.056267,0.118995,0.047878,-0.029099,-0.033594,0.055123,-0.003653,0.017124,-0.028009,-0.008256,0.036194,0.103525,-0.019368,-0.070078,-0.000424,-0.023904,-0.193317,0.031674,0.001804,0.003920,-0.017004,-0.037081,-0.052743,0.019025,-0.010597,-0.020032,0.175999,-0.094148,0.000000,-0.082395,0.004341,0.009057,0.091723,0.037264,0.012640,-0.057647,-0.096030,0.016609,0.078414,-0.014766,0.082940,0.097082,-0.015316,0.040489,0.006855,0.035689,-0.021940,-0.011722,-0.055460,0.080213,0.034924,-0.016092,-0.035886,0.075651,0.023843,0.001624,-0.120846,-0.072082,-0.042034,0.011298,-0.104556,0.004734,-0.049893,-0.010616,-0.009560,0.009912,-0.043860,-0.031106,0.095239,0.066174,-0.027250,-0.020861,0.075069,0.033066,0.021246,-0.040810,0.012159,-0.039492,-0.037327,-0.082330,0.010188,-0.041042,0.027358,-0.006644,0.029645,-0.041618,0.004938,-0.012554,0.003004,0.041415,-0.005312,-0.041162,0.121966,0.042099,-0.002599,-0.014623,-0.008804,-0.106342,0.019653,-0.044092,0.037623,0.044201,-0.028695,-0.047208,-0.059408,0.012352,0.046305,0.024623,-0.015121,-0.090260,0.025273,0.070778,0.105855,0.016181,0.051574,-0.001858,0.006519,0.023243,0.018719,0.043194,0.005166,0.087411,-0.067914,-0.048061,-0.000000,-0.131579,0.089517,-0.021104,0.064768,-0.014160,0.065012,-0.014055,0.111014,-0.000283,-0.025183,0.022368,-0.122258,-0.028129,0.054639,0.066636,-0.014939,0.060236,0.113195,-0.006843,-0.034677,0.010772,0.069796,0.027307,-0.055833,-0.065091,0.028676,0.021750,0.056192,0.020695,-0.009874,0.024086,-0.033364,0.039620,0.025018,0.146274,0.061520,-0.087335,0.058654,-0.018233,0.073852,-0.069352,-0.000861,-0.006321,0.023948,0.066315,0.100272,-0.071368,0.052498,-0.020690,-0.069847,0.055431,-0.065039,-0.055579,-0.011439,0.064182,0.017646,0.002774,-0.001037,-0.035477,-0.012186,0.049950,-0.083328,-0.159381,0.050352]'::vector);
INSERT INTO article_embeddings (article_id,embedding) VALUES (900020,'[0.054825,0.025937,-0.027054,-0.005317,-0.062562,-0.031427,0.008754,-0.027636,-0.007027,-0.001217,-0.023600,-0.023422,-0.001356,0.078995,0.016930,-0.017870,0.083973,-0.019046,0.018578,-0.061595,0.051089,-0.039338,0.009311,-0.078984,-0.151735,0.035901,-0.047752,0.036125,0.007651,-0.041823,-0.060403,0.034612,0.039371,-0.002344,-0.057428,-0.044879,0.027469,0.084034,0.057342,0.042947,0.008826,-0.073697,0.042867,-0.061799,0.053336,0.064299,-0.058497,-0.025546,-0.032331,-0.075561,0.037476,0.034781,0.086881,0.088838,0.024579,-0.010686,0.033014,-0.004523,0.050077,-0.003343,-0.006818,-0.027845,-0.058306,0.037048,-0.024972,-0.075428,-0.046696,0.000444,0.019120,0.096664,0.030087,-0.038040,0.045527,-0.036043,0.046372,0.025911,0.004381,0.004436,0.005572,-0.085601,-0.046128,-0.021135,0.026849,-0.054723,-0.020693,-0.009007,-0.048171,0.035481,0.014371,0.008125,0.024030,-0.049583,0.003317,-0.024743,0.039462,0.008572,-0.044269,-0.008904,0.012028,0.045597,0.005225,-0.023678,-0.136765,0.080841,0.023854,-0.034594,-0.019378,0.118874,0.007953,0.055298,0.009995,-0.020796,0.066988,0.016717,0.000077,0.019675,-0.047638,-0.010337,0.089160,0.046006,0.043084,0.028686,-0.024131,0.003499,0.040746,-0.005435,-0.032835,-0.000000,-0.009335,-0.026711,-0.032092,-0.114880,0.105063,-0.007716,-0.054879,-0.060044,0.096198,0.070621,0.002753,-0.013715,-0.039428,-0.101155,-0.035451,0.040818,-0.077035,0.065870,-0.162874,-0.054219,-0.014986,-0.037644,-0.020511,0.025757,-0.030801,0.013650,-0.018896,-0.025571,0.062557,0.032000,-0.019580,-0.034505,0.070480,0.037720,0.008535,0.131480,-0.029583,-0.003461,-0.030969,-0.028159,-0.095281,-0.071539,-0.010905,0.013029,-0.037100,-0.060667,-0.002673,-0.030677,-0.138764,0.087581,0.019401,0.027730,0.063677,-0.023280,0.033461,0.002900,0.027604,0.050356,-0.020847,0.037651,0.055809,0.047073,-0.072265,-0.028457,-0.010172,-0.013292,-0.111476,0.001931,0.025673,-0.043570,-0.004155,0.119237,-0.063945,0.064632,-0.018294,-0.052161,-0.006139,0.098565,-0.007767,-0.096465,-0.088854,0.015853,-0.094084,0.007873,0.057816,-0.035656,0.001176,0.010695,-0.061218,0.001364,-0.027851,-0.012137,0.007569,0.081819,0.033051,-0.000000,-0.026215,0.064944,0.021322,0.044666,-0.006239,-0.021957,0.018500,-0.031143,0.123566,0.044027,-0.131653,0.068130,0.080612,0.010357,-0.007120,-0.077719,0.026815,-0.013000,-0.050685,0.035692,-0.015790,-0.028673,-0.061378,0.038454,-0.094184,-0.022265,0.062445,-0.118906,-0.085119,0.003864,-0.018077,-0.066156,-0.054868,0.010656,0.034026,-0.066450,-0.003290,-0.056269,-0.057176,-0.010186,0.019467,0.039559,0.029805,0.064670,0.033074,0.063343,0.059833,-0.014472,-0.034752,-0.008062,-0.027341,0.012650,0.059823,-0.031620,-0.027549,-0.003147,0.034630,0.046148,-0.052391,-0.019602,0.074930,0.114147,-0.081960,0.054859,0.082493,-0.015096,-0.131792,-0.032025,0.012957,0.003982,-0.070589,0.004273,-0.099956,-0.048556,0.028833,-0.066674,0.000919,-0.027672,-0.029389,0.038876,-0.043685,0.016119,0.032398,0.052205,0.038193,0.059948,0.005642,0.047219,0.035707,0.055908,0.021394,0.091235,-0.055656,-0.018552,-0.087540,-0.000000,-0.055609,0.023115,-0.026205,0.043127,0.014367,0.034721,0.095793,-0.048811,-0.046739,0.058730,-0.011718,0.044967,0.011346,-0.042272,0.012631,0.016299,0.018035,-0.077422,-0.033623,0.061562,-0.015578,-0.055004,0.031091,0.121293,-0.048388,-0.028981,0.037374,-0.017332,-0.000921,0.072771,0.048262,0.061137,0.035827,0.056605,0.031203,-0.026612,-0.017169,0.058223,0.067607,0.072141,-0.052351,-0.009650,0.016469,-0.023488,-0.023135,0.024591,-0.074695,0.024918,-0.043795,-0.036374,0.010484,-0.062010,-0.018903,0.044766,0.091472,0.031530,0.062514,-0.000231,0.002958,0.036752,0.038534,0.100420,0.060364,0.024429]'::vector);
INSERT INTO article_embeddings (article_id,embedding) VALUES (900021,'[0.005101,0.020628,-0.026472,-0.044885,0.012703,-0.010657,-0.040730,-0.020645,0.010336,-0.044181,-0.004913,0.019070,-0.052037,-0.026157,0.001055,-0.021838,0.126868,-0.007565,-0.004681,-0.049227,0.095802,-0.030261,-0.006887,-0.009306,-0.148116,0.020077,-0.083442,0.029019,0.009355,-0.066571,-0.082564,0.030358,0.002410,0.017885,-0.038619,-0.126617,-0.019780,0.048059,0.080784,0.027099,0.008507,-0.043717,0.007936,0.023884,0.102302,0.051372,-0.047978,-0.009305,-0.059464,0.017247,0.003206,0.083721,0.038417,0.041346,-0.003093,-0.067614,0.044526,0.038464,0.062723,0.002277,-0.037228,-0.100946,-0.015748,0.029215,-0.061169,-0.072748,-0.035428,0.002638,0.049211,0.077903,-0.015700,0.002466,0.000616,0.048014,0.034419,-0.040724,-0.066579,-0.007362,0.030205,-0.110870,-0.051221,-0.079453,0.063026,-0.118985,-0.020884,0.006298,-0.031462,0.033481,0.017394,-0.018035,0.021049,-0.022841,0.038553,-0.044997,0.084528,-0.021786,-0.021115,0.002437,0.037494,-0.002500,0.048465,0.003590,-0.064797,0.118913,-0.056625,-0.052912,0.022703,0.114562,0.007414,0.043283,0.056757,0.055759,0.084606,-0.055492,-0.080682,-0.003602,-0.112279,0.009305,0.043956,0.073429,-0.067081,-0.002645,-0.069995,0.002861,0.096880,-0.000984,0.037258,-0.000000,-0.038122,-0.054827,-0.003767,-0.110471,0.022616,0.015390,-0.068458,0.001518,0.039050,0.087464,0.000605,0.013854,-0.011253,0.058510,0.004809,0.039880,-0.076171,0.082601,-0.022165,-0.015646,0.033358,-0.072103,-0.014872,0.029686,-0.027250,0.073536,-0.033717,0.038125,0.069846,0.037737,-0.039861,0.003404,0.026455,0.017315,0.036873,0.092179,-0.020024,-0.047493,0.057134,0.043307,-0.014197,-0.041905,0.001015,-0.013001,-0.118574,-0.086645,0.019515,0.045670,-0.025925,0.077931,-0.028054,0.001114,-0.086600,0.008767,0.070121,0.050770,-0.017345,0.069766,-0.027440,0.100887,-0.002144,-0.024423,-0.055923,-0.004526,0.070746,0.036794,-0.081884,-0.031027,-0.010517,0.035473,0.004705,0.025942,-0.079023,0.056537,0.001999,-0.061354,0.042339,0.122929,-0.073484,-0.038664,-0.197104,-0.010962,-0.068811,-0.042745,0.050967,-0.027632,0.005675,0.044891,-0.020326,-0.069483,0.052505,0.002915,-0.040054,0.076903,0.022165,0.000000,-0.053887,0.098250,0.057033,0.087147,0.018702,0.057389,0.035764,-0.017451,0.018425,-0.019794,-0.101268,0.029338,0.050995,-0.016614,-0.079057,-0.103795,0.015071,-0.006364,-0.035518,0.020855,-0.017575,-0.100772,0.062396,0.047716,-0.003516,-0.032261,0.022942,-0.079536,0.025572,-0.055441,-0.033376,0.030525,-0.094645,0.012268,0.034627,-0.045124,0.057964,0.010557,-0.012400,0.062067,0.050792,0.008414,-0.002074,0.023234,-0.002553,0.066852,-0.012378,-0.001634,-0.032314,-0.012722,0.020516,-0.024145,0.061988,0.046944,-0.010497,-0.014370,0.026958,0.015775,-0.047206,-0.001800,0.077290,0.047348,-0.042043,0.072949,0.063546,-0.061441,-0.024715,-0.014279,0.000495,0.075195,-0.012197,0.000562,-0.011607,0.045655,-0.027669,-0.121434,0.004278,-0.003116,-0.031550,-0.024390,-0.009110,0.025467,0.046759,0.067088,0.002771,0.043039,-0.074011,-0.015040,0.045894,0.017826,0.049620,-0.010504,-0.069978,0.037135,-0.100194,-0.000000,-0.039055,0.058575,-0.018497,0.019209,0.025547,0.077995,0.084429,-0.032274,-0.066243,-0.012711,0.080406,0.038851,0.041708,-0.054269,0.041289,0.043431,-0.018150,-0.006086,0.023098,0.078773,-0.061159,-0.021988,-0.029140,0.063825,0.005785,-0.017033,0.068142,0.040537,0.068117,0.013682,-0.009520,0.010381,0.063018,-0.000707,0.062853,-0.031069,-0.056267,0.046436,0.093869,0.086113,-0.024259,-0.062837,-0.003564,-0.031273,-0.013113,-0.028604,-0.107053,0.002745,-0.049870,0.003321,-0.010506,-0.025407,-0.003653,0.028504,0.038112,0.057375,0.022740,-0.013344,0.017148,0.027631,0.030260,0.099631,0.046562,-0.022358]'::vector);
INSERT INTO article_embeddings (article_id,embedding) VALUES (900022,'[0.050803,-0.013478,-0.034616,-0.072522,0.135555,0.047815,0.075010,0.084122,0.043218,0.034431,0.005997,-0.041451,-0.004708,0.022351,-0.059418,-0.109029,0.000595,-0.013751,0.023152,0.039509,-0.028579,-0.047015,-0.017091,0.036673,-0.043664,0.024880,-0.064143,0.017025,0.029732,0.031324,-0.039620,-0.027338,0.033771,-0.026253,0.018814,-0.004514,-0.060561,-0.005273,-0.058675,0.080274,-0.072472,0.003082,-0.106490,0.037429,0.040706,0.013472,-0.020444,0.010760,-0.013142,-0.001759,-0.034514,-0.068517,-0.054928,-0.103169,-0.030576,0.060020,0.016680,-0.088443,0.035070,0.064370,-0.082093,-0.075727,-0.055283,0.084803,0.111142,0.042717,-0.022072,0.009112,-0.076918,0.022306,-0.062018,-0.020517,0.002305,-0.015756,0.004311,0.049249,-0.006276,0.034189,0.047792,0.126038,-0.052751,-0.003222,-0.035345,0.012995,0.007038,-0.062405,0.042788,-0.093733,0.034700,-0.067571,-0.039330,0.018108,0.021840,0.087282,-0.089956,0.047969,0.008769,0.056055,0.103265,0.006164,-0.015699,-0.048093,-0.005793,-0.040646,0.029009,0.013877,0.000907,-0.042735,-0.004446,-0.042506,0.039178,-0.037045,-0.075313,-0.000277,0.067137,0.007118,-0.003789,-0.012395,0.070874,-0.004612,-0.052995,-0.014015,0.009896,-0.100321,-0.074668,-0.027573,-0.096628,-0.000000,-0.097737,0.020688,-0.010197,0.008118,-0.110704,0.007146,-0.016451,0.021814,-0.089371,0.043151,0.026351,0.067521,0.028220,0.004570,0.127403,-0.061829,0.026989,0.055975,0.046227,-0.025669,-0.017261,-0.012450,0.000619,-0.002443,0.064232,0.005939,-0.052634,-0.040315,0.035312,0.022141,-0.007269,0.085872,-0.017339,0.041209,-0.032307,0.019555,0.014738,-0.066555,-0.011604,0.002969,-0.051559,0.014065,-0.001536,-0.017601,-0.033790,-0.062533,0.029916,0.012209,-0.049892,-0.015110,-0.077297,-0.010445,0.049768,0.022219,0.013862,0.016358,-0.035068,0.003152,-0.001052,0.082750,-0.097828,-0.061228,0.002977,0.070573,0.037434,0.069188,-0.014404,-0.046397,0.007846,0.001989,0.032570,-0.023463,-0.047110,0.103586,0.008200,-0.036358,0.011488,0.120910,0.063050,0.036952,-0.108195,0.054092,-0.010210,-0.066442,-0.077549,-0.060403,0.045398,0.023520,-0.012071,0.000281,-0.015527,0.016891,-0.007800,0.033460,0.023824,0.000000,0.077029,0.019112,-0.035150,-0.030372,0.068642,0.000341,-0.008884,-0.044034,-0.008271,0.027231,-0.064858,0.017824,-0.032286,0.010571,-0.097227,-0.054835,-0.023575,-0.088560,0.039105,-0.070504,-0.004532,-0.044343,0.034353,-0.047406,0.002325,-0.021506,-0.030228,-0.043922,-0.009843,0.000312,-0.036490,-0.038230,-0.007919,0.052539,-0.016863,0.054466,0.022609,-0.100461,0.096947,0.007020,-0.031350,-0.037043,0.083765,-0.044262,0.038041,-0.003786,-0.013212,-0.107171,0.064773,-0.092979,0.013943,0.029961,0.019691,-0.017932,-0.170369,-0.002391,0.031191,0.007994,0.053725,-0.002690,0.144925,0.048997,-0.049330,0.102393,0.033553,-0.031405,0.009998,-0.080463,-0.006216,-0.034186,-0.047157,-0.009668,0.015260,0.008175,-0.124495,0.037989,-0.015836,0.046113,0.058094,0.019056,0.045110,0.014755,-0.000484,0.067225,-0.003377,-0.004024,0.048443,-0.022124,-0.064641,0.046773,0.010831,-0.088162,-0.006453,0.112483,-0.000414,-0.000000,0.049666,0.046377,0.068484,0.041611,-0.057903,0.050105,0.050324,-0.024274,0.004347,0.086740,0.008381,0.028758,-0.027437,0.131186,-0.093514,0.112584,-0.040977,0.050299,0.027943,0.070116,0.038332,0.078264,-0.014208,-0.001147,-0.030459,0.021771,0.039902,0.112044,0.031878,-0.007729,-0.023790,-0.001338,-0.025761,-0.034216,0.018825,0.051261,-0.059427,-0.007776,-0.018944,0.101707,-0.034755,0.065245,0.001214,0.011614,0.037911,0.071951,-0.106094,0.058888,0.046762,0.021975,0.051087,0.034355,-0.030424,-0.020699,-0.003006,0.014849,0.066767,0.025322,-0.011939,0.010400,-0.024365,-0.070694,0.074370,0.017214]'::vector);
INSERT INTO article_embeddings (article_id,embedding) VALUES (900023,'[-0.011232,0.029800,-0.010970,0.000618,0.105781,0.040626,0.008552,0.058437,0.083608,0.082587,-0.070888,-0.045343,0.008158,0.031853,0.000977,-0.052647,-0.051681,-0.025563,-0.014808,-0.048213,0.086567,0.008338,-0.009703,0.037873,0.001240,-0.060400,-0.008454,0.036504,0.066739,-0.015627,-0.077076,0.020035,-0.032081,-0.019480,0.042519,0.003308,-0.083891,0.057529,0.023536,0.063035,0.025953,0.054516,-0.046653,0.009595,-0.010346,0.010677,-0.016418,0.017446,-0.102210,0.145367,-0.068795,-0.049424,-0.066765,-0.046527,0.003253,-0.081501,-0.001690,-0.075970,0.013476,0.073319,-0.081253,-0.107603,-0.084098,0.024274,0.087817,0.036859,-0.039785,0.007776,-0.067265,-0.002617,-0.035770,-0.014471,-0.060793,-0.015026,0.039381,0.072031,-0.041697,0.017537,0.095765,0.011971,-0.011531,0.003841,-0.007855,-0.015327,-0.018362,-0.041758,0.052972,-0.015140,0.024723,-0.023614,-0.010767,-0.006820,0.044428,0.064136,-0.005119,0.035200,-0.020320,-0.007891,0.114761,0.002010,0.008388,-0.008118,0.018768,-0.021144,-0.095945,-0.067341,0.035504,-0.028524,-0.051967,-0.004505,0.070344,0.035623,-0.004337,-0.064944,0.020788,-0.012997,-0.021676,0.030799,0.001762,-0.014519,-0.030787,0.020949,-0.035586,-0.060236,-0.019860,0.058184,-0.050065,-0.000000,-0.029901,-0.065093,-0.041048,-0.031097,-0.056643,0.028461,-0.033397,0.062310,-0.040358,0.008608,0.045165,0.051086,0.022967,-0.089929,0.093626,-0.041742,0.072938,0.134749,-0.001600,-0.014532,-0.049510,-0.091179,0.029500,0.067537,0.031562,0.036365,-0.044664,-0.039134,0.002785,0.008029,0.068804,0.114003,-0.045431,0.041193,-0.009967,0.032242,-0.002006,0.030907,0.024344,0.057970,0.007414,0.045807,0.041288,0.006507,-0.056869,-0.049682,0.041823,-0.007066,-0.054115,0.024165,-0.041613,0.007922,-0.029412,0.002890,0.068709,0.076383,-0.012289,-0.011904,-0.003034,0.070059,-0.016768,-0.070114,0.019612,0.081167,0.081933,0.060705,0.033738,-0.000690,0.059543,-0.005945,0.015750,-0.013504,-0.059141,0.052260,-0.059831,-0.043191,0.036008,0.150450,0.021584,0.040414,-0.070256,-0.041631,-0.047898,-0.087549,-0.043173,-0.028527,0.035179,0.048055,-0.060207,-0.043484,0.018413,0.021947,-0.047059,0.041128,0.020433,0.000000,0.025413,0.037837,-0.009550,-0.023083,0.085351,-0.049927,0.019939,-0.056388,0.045324,0.057452,-0.095315,-0.002549,-0.039606,0.019086,-0.114363,-0.030806,0.016437,-0.066708,-0.003380,-0.052413,0.026722,-0.022332,0.064302,0.009411,-0.011134,0.059762,-0.060234,-0.066797,0.047324,-0.004817,0.007628,-0.058997,-0.055400,0.036502,-0.049836,-0.047280,0.081967,-0.065279,0.075950,0.056482,0.077255,-0.023613,0.027824,-0.009401,0.055558,-0.022911,0.094969,-0.085400,0.025783,-0.075699,-0.007173,0.030515,-0.008694,-0.017104,-0.117409,-0.029460,0.042848,-0.099584,0.033771,-0.059316,0.101045,0.055675,-0.094381,-0.001923,-0.036368,0.026122,0.020949,-0.111084,0.053841,0.005343,-0.025737,-0.022308,0.027520,-0.072063,-0.075992,0.121656,-0.022741,-0.059816,0.038185,-0.053459,-0.046174,0.007673,-0.068636,0.058157,0.013399,0.066480,0.011441,-0.016912,-0.037831,0.077604,-0.068574,-0.086838,0.034881,0.046287,0.002546,-0.000000,0.028152,0.107907,0.027187,0.077939,0.057564,-0.044735,0.017749,-0.004322,0.042165,0.093036,0.018308,-0.018282,0.006833,0.068498,-0.048652,0.057795,-0.031918,0.054390,0.006757,0.033550,-0.070491,0.055539,-0.049012,0.000029,-0.039368,0.005582,0.000142,0.115911,0.055124,-0.001466,0.010859,0.026392,0.004730,-0.053034,0.021631,-0.064735,-0.061459,-0.017905,-0.020285,0.018390,-0.024594,0.008893,0.059958,0.092318,-0.027060,0.013985,-0.149845,0.002839,-0.028170,-0.055113,0.008141,-0.005379,0.034383,0.056371,0.005549,0.115392,0.069040,0.026986,-0.083863,0.009562,0.036141,-0.034843,-0.025965,-0.001909]'::vector);
INSERT INTO article_embeddings (article_id,embedding) VALUES (900024,'[0.059680,0.030125,0.012991,-0.039694,0.086351,0.001836,0.080580,0.122196,0.049643,0.066040,0.016250,-0.104162,0.005387,0.001955,-0.076912,-0.063841,-0.046545,-0.043666,0.005336,0.025337,0.067267,-0.020790,-0.005193,0.030764,0.036528,0.014710,0.010625,0.033805,0.060497,0.019739,-0.056992,0.002443,0.069137,-0.072247,0.021462,-0.015640,-0.066571,0.039014,-0.005212,0.076879,-0.027239,0.025777,-0.055650,0.018948,0.025423,-0.010848,-0.070056,0.038585,-0.006965,0.066361,0.005442,-0.028135,-0.094819,-0.011338,0.020813,0.040436,-0.028581,-0.064870,0.054084,0.066217,-0.091629,-0.057931,-0.035157,0.047275,0.142771,0.002441,-0.002414,-0.070588,-0.071830,0.031855,-0.060380,0.006711,-0.049551,-0.099372,-0.046023,0.004979,0.038831,0.046893,0.055688,0.059401,-0.037051,-0.027371,-0.044007,-0.020760,0.024587,-0.018424,0.032441,-0.087530,0.076426,0.023548,-0.006159,-0.025454,-0.024353,0.012611,-0.018433,0.044767,-0.017945,0.046897,0.093255,0.040791,-0.002275,-0.069036,-0.016152,-0.060632,-0.035687,-0.042198,0.040567,-0.050733,-0.038679,0.001317,0.023902,-0.093090,-0.082709,-0.004667,0.006446,0.054664,0.065565,-0.093177,0.021560,-0.061081,-0.005250,-0.014117,0.020393,-0.071916,-0.149125,-0.039291,-0.025091,-0.000000,-0.101573,-0.006981,-0.006334,-0.028540,-0.072993,-0.029425,-0.039563,0.032676,-0.025746,0.050495,-0.011396,0.037613,-0.015997,-0.006093,0.054393,-0.048523,0.063752,0.120269,0.027635,-0.021352,-0.046734,-0.023780,0.036991,0.023417,0.059078,0.063752,-0.049785,-0.045567,0.067269,0.015312,0.070638,0.075821,-0.001831,-0.035932,-0.001613,0.001612,0.000635,-0.030232,0.047016,0.025264,0.040497,0.033813,0.013347,-0.013575,-0.050984,-0.017059,0.048883,-0.000283,0.027213,0.029033,-0.076151,-0.007173,-0.063017,0.022271,0.019242,0.010003,-0.074673,0.026034,-0.010249,0.090214,0.001235,-0.071770,0.052195,0.048717,0.037388,0.112068,-0.004391,-0.005768,0.012187,-0.018953,-0.037149,-0.043353,-0.009915,0.101976,-0.003598,-0.002812,0.022389,0.107334,0.027388,0.059183,-0.110610,0.037296,-0.068572,-0.066197,-0.023817,-0.054259,0.056682,0.061100,-0.024936,-0.009426,0.038982,0.002880,-0.076011,0.029957,0.017325,-0.000000,0.022992,0.072354,-0.020250,-0.019214,0.034165,0.008669,0.015971,-0.061946,0.082334,0.038532,-0.120414,0.042750,-0.052434,0.034788,-0.088343,-0.014135,-0.020783,-0.054803,-0.045261,-0.030134,-0.009893,0.000567,0.085120,-0.026880,-0.007120,0.011809,-0.037586,-0.060755,-0.018272,-0.009863,-0.040511,-0.065809,-0.046440,0.063917,-0.091466,-0.013958,0.045041,-0.043379,0.072554,0.001534,0.064737,-0.030708,0.099350,-0.010879,0.037751,-0.045699,0.068439,-0.116727,0.040935,-0.088532,0.024903,-0.017221,0.051606,0.022407,-0.121951,0.046854,0.019931,-0.004852,0.045148,-0.034847,0.092786,0.013582,-0.052768,0.042647,0.006722,-0.000261,-0.014875,-0.122851,0.003919,-0.045792,-0.012130,-0.015698,0.047631,-0.033065,-0.063171,0.049157,-0.008777,-0.011709,0.080421,-0.054896,-0.057745,0.042283,-0.061505,0.048799,-0.050058,-0.078032,0.045671,-0.027631,-0.087614,0.064063,-0.089745,-0.025922,0.007073,0.038002,-0.042629,-0.000000,0.005907,-0.001981,0.024265,0.010076,0.050714,0.041124,0.022430,-0.006100,-0.041479,0.067752,0.037136,0.065656,0.013016,0.087661,-0.146600,0.061068,-0.067596,0.075021,-0.002408,-0.003573,-0.020719,0.042398,0.024657,-0.001197,-0.029610,0.036181,0.013205,0.162047,0.007291,-0.003901,0.023344,-0.006667,0.030152,-0.041898,0.006753,0.013150,-0.078659,0.024857,0.041148,0.073067,-0.014765,0.015181,0.018989,0.006329,0.051512,0.069284,-0.173688,0.033785,-0.015032,-0.009538,0.038212,0.053233,-0.024641,0.025823,-0.004990,-0.012728,0.069714,0.036412,-0.055656,0.016594,-0.003470,-0.044075,0.032310,-0.035119]'::vector);
INSERT INTO article_embeddings (article_id,embedding) VALUES (900025,'[0.032353,0.055264,-0.000504,0.015223,0.055856,0.063959,-0.016635,0.072903,0.037861,0.041819,-0.071867,-0.119232,-0.050646,-0.048274,-0.072151,-0.094537,-0.024267,-0.025744,0.018290,0.028480,0.024302,-0.034782,0.028560,0.072717,-0.012644,-0.045218,-0.069357,0.007352,0.051847,0.030400,-0.047799,0.028487,0.111889,-0.051948,0.000708,-0.074711,-0.084819,0.014900,-0.032367,0.135719,0.060400,-0.018698,-0.090543,0.039472,0.008623,0.060798,0.004098,0.073815,-0.034097,0.107913,0.039322,0.025057,-0.026579,-0.018206,-0.037027,0.027186,-0.027014,-0.081912,0.051656,0.029308,-0.028599,-0.061828,-0.110028,0.057399,0.061169,0.008872,-0.013408,-0.001890,0.009843,-0.128899,0.002879,0.091796,-0.029077,-0.033562,-0.014157,0.061701,-0.006170,0.002016,0.048876,0.027271,-0.069349,-0.051045,0.036635,-0.025283,0.017105,-0.036242,0.038737,-0.035629,0.040388,0.061676,-0.034731,0.014924,0.001880,0.008213,-0.075918,0.119061,0.000550,0.054289,0.169738,-0.000748,-0.019790,-0.071333,-0.005452,-0.039443,-0.070536,-0.069413,0.014739,-0.047659,-0.040624,-0.033405,0.110149,-0.018156,-0.016592,0.036290,0.028279,0.068353,0.013580,-0.004188,-0.009321,-0.002817,-0.084304,-0.037032,-0.009976,-0.044629,-0.037824,0.006058,0.055793,-0.000000,-0.042004,-0.076143,0.040083,-0.067025,-0.034419,-0.015626,-0.035200,-0.017030,-0.053737,-0.013447,0.045134,0.065638,-0.007708,-0.037210,0.028714,-0.003728,-0.003945,0.035144,-0.013717,-0.014962,0.016480,-0.009218,0.028995,0.025694,0.030473,0.056973,-0.074907,-0.014361,0.048204,0.022918,-0.008816,0.036083,0.026087,-0.001210,-0.004617,0.041078,0.076050,0.042774,0.029844,0.074061,0.051514,-0.041203,0.068125,-0.045670,-0.103223,-0.024011,0.051572,0.006894,0.002079,0.062074,-0.030054,-0.028689,-0.030401,-0.021757,0.011786,0.065989,-0.031701,-0.005750,-0.054425,0.109662,-0.011628,0.006603,0.045677,0.043139,0.003100,0.086629,0.017331,-0.006339,-0.010219,-0.018984,0.008093,-0.037327,-0.073621,0.077973,-0.023602,0.012473,0.082428,0.074259,0.051135,0.089286,-0.075663,0.031703,-0.093077,-0.058782,-0.028101,-0.040199,0.001919,0.060949,0.050846,-0.032071,0.061365,-0.017828,-0.101371,0.018108,-0.018678,0.000000,0.016992,0.000815,-0.008308,0.037311,0.018957,0.017114,0.008377,-0.023074,0.078005,0.015951,-0.054426,-0.004943,-0.015723,0.064025,-0.146595,-0.059304,-0.035057,0.017839,-0.051736,-0.059370,-0.057467,-0.014880,0.051477,-0.019891,0.006534,-0.038364,-0.032433,0.013395,-0.006354,-0.027336,-0.028250,-0.092057,0.005853,-0.028280,-0.059382,0.053424,0.087672,-0.041014,0.061300,0.079972,0.026787,-0.068644,0.051302,0.002330,0.049148,0.009558,-0.004814,-0.098679,0.041848,-0.058188,0.052241,-0.006181,-0.004866,0.066896,-0.076327,-0.033634,-0.023280,0.046253,-0.045267,-0.030062,0.056137,0.039559,-0.123917,0.074683,0.004025,-0.035857,0.027570,-0.110485,-0.028856,-0.032366,-0.042344,-0.069560,0.050611,-0.024644,-0.071584,0.043271,-0.031644,0.020258,0.094720,0.028449,-0.058846,-0.008992,-0.037079,0.091101,-0.008972,-0.028244,0.000774,-0.016451,-0.028281,0.117782,-0.020730,-0.025174,-0.001773,0.052752,-0.067463,-0.000000,0.074363,0.035211,0.058928,0.075206,0.038844,0.103085,0.011354,-0.071948,-0.048547,0.063718,0.066167,0.013468,-0.004589,0.014945,-0.061283,0.023621,-0.028368,0.073623,0.011814,0.039387,-0.033268,0.054985,0.043578,-0.020906,0.035028,-0.043673,0.005886,0.100669,0.015372,-0.069915,0.038568,-0.005421,0.049064,-0.023517,0.080630,0.006436,-0.121797,0.046199,0.036540,0.075158,-0.032274,0.022665,-0.059602,-0.008374,0.014911,0.060165,-0.119213,0.054113,-0.010854,-0.095766,-0.010433,-0.043412,0.001954,0.032716,-0.014104,0.035963,0.000962,0.038240,-0.054632,-0.029004,0.005828,-0.060518,-0.089459,0.015242]'::vector);
INSERT INTO article_embeddings (article_id,embedding) VALUES (900026,'[0.039783,0.055884,0.061540,0.006517,0.137138,0.014914,0.050359,0.063645,0.062562,0.014708,0.035928,-0.036859,0.027909,-0.046825,-0.045068,-0.124461,-0.016913,-0.013547,-0.029063,-0.006315,-0.016051,-0.030876,-0.006165,0.096612,0.029826,-0.016415,-0.015036,0.035653,0.056277,0.012790,-0.040738,0.003106,-0.016965,-0.052679,0.077383,-0.020237,-0.059376,0.106866,-0.047493,0.067613,-0.042905,0.081628,-0.073943,0.007362,0.030311,-0.045528,-0.063189,-0.051044,-0.069292,0.026325,0.011245,-0.021869,-0.050576,-0.009208,-0.046374,0.015678,-0.008856,-0.067856,0.018321,0.069693,-0.037790,-0.041825,-0.087445,0.059230,0.106139,0.021568,-0.005755,-0.003437,-0.030949,0.059523,-0.022681,-0.005780,-0.035504,-0.022365,0.025821,0.065172,0.077825,0.046061,0.044878,0.095784,-0.033692,-0.033856,-0.027583,-0.032110,0.038807,-0.043278,0.013173,-0.054958,0.033162,-0.032395,-0.033552,-0.098220,-0.013062,-0.010836,0.019093,0.012598,0.032040,-0.005120,0.045582,0.006913,0.005195,-0.053314,-0.007236,-0.024544,-0.022069,-0.044172,0.031935,-0.076231,-0.023625,-0.007344,0.060698,-0.062523,0.018305,-0.029367,-0.007304,0.041446,0.135418,-0.069557,0.047869,-0.046622,-0.069025,0.003065,0.057949,-0.060792,-0.126036,-0.061553,-0.093878,-0.000000,-0.062215,-0.034343,-0.007807,-0.149530,-0.032394,-0.009020,-0.012138,-0.001945,-0.021068,0.058643,0.012519,0.043799,-0.010221,-0.016904,0.103229,-0.060667,0.043834,0.074501,0.048084,-0.021836,-0.091839,-0.038914,0.006401,0.028450,0.009832,0.007187,-0.039781,-0.080846,0.089942,0.013386,0.015177,0.099232,0.023232,0.017495,0.059635,0.020650,-0.064747,-0.031506,0.007976,0.012386,-0.028205,0.016365,0.007155,-0.044456,0.001237,-0.070411,0.088981,-0.031590,-0.016401,0.002890,-0.057144,0.044786,-0.052644,-0.022492,-0.036076,-0.057418,-0.011730,-0.019107,0.022143,0.075428,-0.044603,-0.063954,-0.002729,0.057723,0.006312,0.048682,0.020234,-0.019274,-0.015986,-0.050069,-0.022731,-0.042349,0.041245,0.084307,0.022185,0.005897,-0.000074,0.078775,0.100116,-0.031701,-0.081627,0.036260,-0.035101,-0.056179,-0.004424,-0.041751,0.084080,0.028431,-0.034712,-0.028523,0.015301,-0.004773,-0.092789,0.016695,0.049305,0.000000,0.020911,0.006938,0.018299,-0.076919,0.012673,0.013786,0.013331,-0.117123,0.096682,0.002409,-0.095716,0.036997,-0.038316,0.050826,-0.097820,-0.007327,-0.039237,-0.034980,0.026165,-0.046213,0.018703,0.076076,0.037657,0.054962,-0.063650,0.037967,-0.095921,-0.004311,-0.006001,-0.039419,-0.027052,0.031750,-0.068098,-0.006001,-0.116661,-0.005939,0.015648,0.028178,0.009898,-0.011034,0.018206,-0.021884,0.044638,0.036271,0.084372,-0.047613,-0.004359,-0.116235,0.050789,-0.003445,-0.010226,-0.016012,0.025123,0.029694,-0.108957,0.045632,0.039517,-0.030101,0.015498,-0.034315,0.112500,0.020236,-0.019142,-0.019239,0.023517,0.019469,0.042811,-0.051860,0.025535,-0.031116,-0.026864,-0.017132,-0.013768,-0.067813,-0.020474,0.097972,-0.007212,0.013147,0.059731,-0.049853,-0.069006,-0.006598,-0.016584,0.032618,-0.008014,-0.061683,-0.017890,-0.061669,-0.090456,0.088568,-0.045631,-0.004548,0.077047,0.060903,-0.002125,-0.000000,0.057028,0.024405,0.009063,0.021829,0.003294,-0.041574,0.039439,0.045205,-0.007739,0.063428,0.030757,0.006228,0.019977,0.122954,-0.114471,0.020985,-0.007654,0.097104,-0.024589,-0.015998,-0.047851,0.091401,-0.058510,0.019916,-0.007510,0.041614,0.044038,0.103820,-0.002985,0.012398,0.025212,0.021124,0.037525,-0.025264,-0.018737,0.055299,-0.010600,0.044036,-0.075597,0.058671,-0.044155,-0.014662,0.016353,0.053081,0.074694,0.036638,-0.189758,0.042722,0.010081,0.020893,0.024505,0.041965,0.032694,0.029829,0.022314,0.002233,0.079663,0.067008,-0.062899,0.009258,-0.011729,-0.139346,0.038115,0.085291]'::vector);
INSERT INTO article_embeddings (article_id,embedding) VALUES (900027,'[0.062653,0.079965,0.053917,0.042212,0.106320,0.054996,0.047765,-0.031943,0.031264,-0.052553,0.064582,-0.086148,0.023664,-0.064033,-0.039404,-0.106758,0.022451,0.013435,-0.017816,-0.033806,-0.048796,-0.044694,0.001597,0.061998,0.018164,-0.079797,0.035623,0.057848,0.009997,0.024763,-0.054167,0.036779,0.024389,-0.018317,0.063485,-0.124644,-0.046488,0.089295,-0.045836,0.060468,-0.002704,-0.002572,-0.068411,-0.042922,-0.004075,-0.027061,0.009755,0.019151,-0.073633,0.060272,-0.028185,0.010364,-0.012161,-0.012399,0.033197,-0.136342,-0.020893,-0.038961,-0.037416,0.057990,-0.079234,-0.089978,-0.075283,0.060914,0.052939,0.022905,-0.103168,-0.032555,-0.006513,0.037881,-0.009672,-0.025016,-0.066701,-0.006567,0.072832,0.052928,0.103979,0.072006,0.045355,-0.012357,-0.002642,-0.088120,-0.038538,0.044213,0.004390,-0.029150,0.007007,0.020460,-0.009866,0.023997,-0.007414,-0.066526,-0.007846,-0.048662,0.054815,0.042024,-0.013636,0.045678,0.027655,-0.009555,0.002855,-0.006314,0.032092,0.032710,-0.091113,-0.016287,0.038509,0.017679,-0.042177,0.004294,0.052408,-0.036370,-0.015975,-0.044746,-0.001385,-0.012354,0.096866,0.019699,0.019765,0.023209,-0.048287,0.046103,0.031495,-0.047824,-0.085143,-0.052216,-0.101099,-0.000000,-0.007967,-0.067313,-0.004714,-0.052200,0.011277,-0.036470,-0.048618,-0.033745,0.106721,0.038466,-0.005144,0.007391,0.015528,-0.024482,0.057645,0.063411,0.047730,0.056181,-0.019114,0.039379,-0.029651,-0.009565,-0.038924,0.061773,-0.044495,0.027946,-0.039380,-0.011766,0.095686,-0.014022,0.005022,0.051631,0.075053,0.026207,0.030573,0.023854,-0.089308,-0.011789,0.037100,0.039428,-0.107226,-0.054340,0.031957,-0.082934,-0.026234,-0.030360,0.059538,-0.072236,-0.002591,0.064727,-0.068118,0.066170,0.061616,-0.052337,-0.090768,-0.043484,0.038603,-0.033060,-0.021854,0.014566,-0.106269,0.011086,0.018351,-0.018318,0.035755,0.068689,-0.024173,-0.047121,-0.002014,0.010513,0.034570,0.018374,-0.008102,0.070132,0.014699,0.039407,-0.020100,0.056671,0.064925,0.021669,-0.046998,-0.011895,0.001284,-0.057371,0.069654,0.024210,0.083858,0.029818,0.037585,-0.006181,0.020026,-0.001681,-0.139443,0.030379,-0.000374,-0.000000,-0.103202,0.087116,0.044589,-0.098276,0.017060,0.043791,0.071279,-0.112153,0.114136,-0.020361,-0.086012,-0.012757,-0.014387,-0.016727,-0.079768,0.005957,0.003283,-0.023921,-0.046311,-0.014263,-0.020495,0.102613,-0.025520,0.077661,-0.068884,0.056871,-0.087780,-0.008096,-0.018930,-0.056912,-0.020207,-0.003071,-0.033506,-0.047832,-0.087931,-0.000694,-0.030300,0.085335,-0.018702,0.005142,-0.004716,-0.056909,0.000262,0.067467,0.057776,-0.044577,0.010434,-0.137513,0.019314,-0.027139,-0.027743,0.046516,-0.032762,0.065880,-0.060385,0.013648,0.085970,-0.054735,0.052344,0.002238,0.078269,0.042185,-0.010743,-0.000390,0.004796,0.017426,0.027949,-0.054145,0.014310,-0.068951,-0.019289,-0.008817,-0.024301,-0.050038,-0.051405,0.061577,0.015338,0.047330,0.030640,-0.029255,-0.008167,-0.048711,0.014568,0.050031,-0.014915,-0.001141,-0.005785,-0.063170,-0.047896,0.050550,-0.052473,0.018839,-0.014517,0.053310,0.009571,-0.000000,0.061532,0.033560,-0.026363,0.017160,-0.000548,-0.078227,0.013632,0.030071,-0.061410,0.082889,0.044694,-0.026640,-0.009715,0.073799,-0.025616,0.038911,0.033923,0.102948,-0.051910,-0.037299,-0.013652,0.064408,-0.118950,0.067640,0.062043,0.039996,0.000917,0.020888,-0.001712,-0.020680,-0.020888,-0.007421,0.032187,-0.075678,0.022644,0.024656,-0.012398,0.006631,-0.080695,0.013098,-0.032829,-0.018645,0.027129,0.085285,0.096431,-0.007638,-0.163444,0.015992,-0.075976,0.023646,0.034766,0.002468,0.075190,-0.006814,-0.015057,-0.046386,0.091496,0.047874,-0.084456,-0.033690,0.089324,-0.065032,0.057385,0.045376]'::vector);
INSERT INTO article_embeddings (article_id,embedding) VALUES (900028,'[-0.046455,0.025878,-0.110502,0.000189,-0.021147,0.075903,-0.006526,0.065077,0.008695,-0.027738,0.000661,-0.039905,0.048427,0.054807,-0.038184,-0.109023,0.052324,0.016779,-0.030918,0.029038,0.019471,-0.057149,0.047333,0.036992,-0.051858,-0.022542,-0.041130,0.026710,-0.038694,-0.060578,-0.059837,0.001277,0.081943,0.036603,0.011328,-0.030698,0.007290,-0.041660,-0.004063,-0.041718,0.032817,-0.071955,-0.034283,-0.019166,-0.042476,-0.019155,0.044284,0.031465,-0.050139,0.136456,-0.126556,0.003134,0.005228,0.013057,0.007306,-0.062257,0.019272,-0.128666,-0.035846,0.039256,0.032645,-0.008561,-0.067621,0.067221,0.063083,0.049324,-0.000837,0.091271,-0.089644,0.025831,0.006024,-0.067809,-0.096379,0.018099,-0.025749,0.037974,-0.017257,0.055563,0.006361,-0.045337,0.055404,0.027564,-0.037332,0.075907,0.031540,-0.087123,0.089971,-0.040510,0.031058,0.006775,-0.019889,-0.007274,0.072648,0.037440,-0.103081,0.026760,-0.054757,-0.005647,0.077363,0.013053,0.025263,-0.003494,-0.002458,-0.042388,0.017940,-0.065309,0.001778,0.016394,-0.037280,0.064934,0.049322,0.087801,-0.099264,-0.028860,0.105006,0.043656,-0.118331,0.082290,0.043585,0.040454,-0.031192,0.114940,-0.064476,-0.005116,0.012234,-0.028729,-0.069991,-0.000000,-0.025096,-0.012974,0.061756,-0.033853,-0.027120,0.106998,-0.074428,-0.016411,-0.023158,-0.000204,-0.021810,0.116383,0.006451,-0.076466,-0.005292,0.089962,-0.055068,0.112518,0.002197,-0.017547,0.071121,-0.074893,0.044876,0.059156,0.064068,-0.002444,-0.048585,-0.027628,-0.051596,0.001194,0.092791,-0.045104,0.106182,0.027042,0.005725,0.070968,-0.043001,-0.014010,0.000740,0.041761,-0.031063,0.042699,-0.032631,-0.017007,-0.042719,0.049024,-0.033041,0.011132,-0.009385,0.058104,-0.016949,0.000271,0.024062,-0.055970,0.010435,-0.009617,0.044020,-0.130648,-0.064918,-0.042188,0.007278,-0.008142,-0.002986,-0.018746,-0.093936,0.069198,0.043591,0.013015,-0.029840,-0.041067,-0.037301,-0.030853,-0.007281,0.013751,-0.020155,-0.009357,0.000719,-0.008479,0.070834,0.053179,0.012421,-0.005247,0.028907,0.057559,-0.058748,0.029917,0.043794,-0.002619,0.064398,0.099197,-0.007602,-0.008088,-0.046855,0.098270,-0.010965,0.000000,-0.058642,0.031431,0.060428,-0.044592,-0.025822,-0.021262,-0.029128,-0.059238,0.028345,0.079342,-0.035836,-0.066357,-0.054513,-0.048617,-0.053176,-0.036552,0.070151,-0.024746,0.013021,-0.085421,0.079248,0.050624,0.057281,0.022323,-0.042956,0.038983,0.068334,-0.043856,-0.015609,-0.036741,0.018173,-0.029931,-0.022279,0.020156,-0.017595,-0.034095,-0.004677,-0.050394,0.030760,0.031840,0.038014,0.009268,0.026032,0.082430,0.006710,-0.043818,0.067929,-0.103704,0.096813,-0.010853,-0.031241,-0.042054,0.022301,-0.011289,-0.107024,0.057016,-0.011339,-0.023785,-0.005543,0.046378,0.061287,0.101737,-0.042964,0.014675,0.005313,-0.067115,0.019829,-0.027667,0.049601,0.008578,0.013413,-0.027921,0.000143,-0.093905,0.003665,0.062130,-0.117794,-0.032437,-0.047372,0.085273,-0.002750,0.014173,0.071463,0.040072,-0.029568,-0.010469,0.107102,-0.026217,0.012323,0.028694,0.025926,-0.038342,-0.047889,-0.005497,0.022892,-0.000000,-0.064866,0.009445,0.031867,0.042450,0.023908,-0.018238,0.035615,-0.024240,0.007670,0.080794,0.021140,-0.063328,-0.056727,0.015553,0.016878,-0.022260,0.004295,0.014193,-0.052112,0.040984,-0.024613,0.065661,0.016733,-0.013759,-0.012523,-0.095599,0.054055,0.059435,0.065464,0.086084,-0.024185,0.014394,0.061329,-0.093707,-0.081578,-0.067130,-0.000821,0.042586,-0.011479,-0.005067,-0.061408,0.030532,0.049145,0.117184,0.036474,0.048940,-0.089389,0.015943,-0.010874,-0.096669,0.062663,-0.099176,0.067839,0.028638,-0.040183,0.067803,-0.013796,0.008530,0.005160,-0.078255,0.000871,-0.033880,0.043057,0.049032]'::vector);
INSERT INTO article_embeddings (article_id,embedding) VALUES (900029,'[-0.032693,0.030217,-0.007193,0.078691,0.081720,0.031971,-0.142434,0.003788,0.028235,0.030551,0.009587,-0.000652,-0.000342,0.043936,0.052498,-0.040350,0.007744,-0.060135,0.024274,-0.031813,0.054877,-0.016326,-0.051933,0.003638,-0.011754,-0.066660,-0.094150,0.025269,0.005604,-0.012629,-0.070213,0.014183,0.076146,0.032898,0.077490,0.011499,0.043072,0.017350,0.006399,-0.041542,-0.032136,-0.105744,-0.001066,0.045575,-0.071293,0.025501,-0.022336,-0.024683,-0.108769,0.102195,-0.063123,-0.064794,0.000850,0.020175,-0.004249,-0.004003,-0.062628,-0.035517,-0.024508,-0.046829,-0.032682,-0.012884,-0.154113,0.066185,0.004404,0.035115,0.046104,0.021895,-0.004843,-0.028501,-0.014920,-0.011871,-0.108004,-0.015681,0.063281,0.051648,-0.019239,0.072450,0.068978,-0.073980,0.010077,-0.006985,-0.007535,0.070935,-0.028285,-0.047654,0.041675,0.056398,-0.022858,0.007483,-0.034357,-0.010466,0.076558,0.025273,-0.080079,0.026356,-0.002697,0.004339,0.067857,0.060532,0.033438,-0.016060,-0.052350,-0.023756,-0.027306,-0.060355,-0.024399,-0.021525,-0.037218,0.066659,0.057698,0.031896,-0.061697,-0.054938,0.035543,0.009331,-0.105761,0.036777,0.003164,0.024084,0.017727,0.103431,0.000517,-0.017743,0.071312,0.049231,0.050927,-0.000000,0.074997,0.008929,-0.018026,0.075717,0.022050,0.025391,-0.002363,-0.036266,-0.017011,-0.054351,-0.040101,0.066580,0.052732,-0.071847,-0.026838,-0.005890,-0.028501,0.131125,-0.062070,0.061636,0.062560,-0.130612,0.030065,0.009914,0.007270,0.018593,-0.069191,-0.033855,-0.025982,0.015795,0.066009,-0.042953,0.025197,0.022266,-0.037758,0.068638,0.054967,-0.040067,0.092178,-0.006077,-0.021027,0.023730,-0.066647,-0.020441,0.052098,-0.017177,-0.004894,-0.017282,0.143583,-0.009023,0.010325,0.031886,-0.015156,-0.085610,0.045891,0.032712,0.075034,-0.061088,-0.021793,-0.010554,0.048876,0.046794,-0.051207,-0.011823,-0.016671,0.005283,0.014274,0.035711,0.082064,-0.096984,-0.036170,-0.042752,0.045560,-0.022355,0.035665,-0.006345,0.027475,0.013076,0.017154,0.058507,-0.014155,-0.010047,-0.074804,0.044618,0.058322,0.029767,0.029958,0.010380,-0.033374,0.064823,-0.021007,-0.025552,-0.052245,0.073842,0.034246,-0.000000,0.022701,-0.034637,-0.011871,0.029037,0.048597,0.009610,-0.023302,-0.020110,0.122635,0.055149,-0.010948,-0.046128,-0.054981,-0.008293,-0.097851,-0.043791,0.034374,-0.057125,-0.052893,-0.000043,0.062705,-0.023731,-0.007368,0.049520,0.029816,-0.000686,0.099218,-0.014248,-0.039771,-0.035490,0.031734,-0.092553,-0.070251,-0.018126,0.022764,-0.052154,-0.005859,-0.056582,0.008515,0.056754,0.066754,-0.046528,-0.095572,0.066700,-0.014866,0.048244,0.038483,-0.091279,-0.001812,-0.021938,-0.018666,0.008218,-0.024792,-0.052067,-0.028004,0.000505,-0.062055,-0.059907,0.010049,0.054814,0.045940,0.090835,-0.070182,-0.011551,0.037868,-0.049685,0.029529,-0.025182,-0.032704,0.043911,-0.001522,0.011442,-0.063251,-0.048038,0.050199,0.085490,-0.035162,-0.012424,-0.071914,-0.043373,-0.110424,0.056575,-0.066078,0.112292,0.007627,0.043796,0.067819,0.006204,0.041925,0.043888,-0.024804,-0.055463,0.076878,0.011408,0.037110,-0.000000,-0.004075,0.129871,0.020484,0.003568,0.028050,0.053904,0.056883,-0.044355,0.080984,0.028873,0.064418,-0.026950,-0.026191,-0.020595,0.008617,0.005711,-0.043264,-0.008328,-0.082767,-0.081486,-0.051696,-0.009473,-0.030162,-0.108184,0.042603,-0.049280,-0.008775,0.093896,-0.022696,-0.057020,-0.020659,0.047177,0.022256,-0.021142,0.014924,-0.046411,0.044414,0.019704,-0.007176,-0.042815,-0.039715,0.060430,-0.010370,0.050706,-0.031486,0.021141,-0.071057,-0.012944,-0.089062,-0.104709,0.000503,-0.071082,0.082243,0.102253,-0.007732,0.142012,-0.007883,-0.027476,0.034396,-0.075561,0.091385,0.099093,-0.025680,0.060245]'::vector);
INSERT INTO article_embeddings (article_id,embedding) VALUES (900030,'[-0.000853,0.024131,0.036139,-0.008627,0.026802,0.038143,0.016319,0.013385,0.060819,-0.000611,0.059637,0.004371,-0.034123,-0.045882,0.104148,-0.120514,-0.038584,0.020586,-0.102607,0.046634,-0.001408,-0.042979,-0.093165,0.068759,-0.022975,0.004934,-0.014069,-0.001971,-0.019818,-0.060857,-0.036998,0.054521,0.040687,0.039387,0.013238,-0.016864,0.045320,-0.008707,0.001633,-0.089467,-0.002475,-0.051913,-0.019694,0.010996,0.018361,-0.027651,0.045946,-0.005712,-0.043351,0.087240,-0.095331,0.015156,-0.020083,0.041220,0.003071,-0.077433,0.041200,0.013264,-0.000193,0.047927,0.039427,-0.003523,-0.041586,0.050673,0.091854,-0.045256,-0.032246,-0.041102,0.034527,0.058409,0.001828,-0.168845,-0.064206,-0.029088,-0.016753,0.019517,-0.040035,0.058254,0.007246,-0.062110,0.032353,-0.041686,-0.041595,0.032160,0.018255,-0.047727,0.029960,-0.021726,0.001085,-0.017981,0.056802,-0.099135,0.173642,-0.002004,0.006569,-0.032709,-0.026975,-0.037473,0.076848,-0.013784,0.056309,0.074233,-0.121538,0.042260,0.012708,0.010789,0.046274,-0.002701,0.029749,-0.026947,0.053257,0.100242,0.043347,-0.101731,0.038081,0.058205,-0.053201,0.037584,0.023568,0.065269,-0.016346,0.078309,-0.068923,-0.009345,-0.055150,-0.002957,-0.108189,-0.000000,-0.030025,-0.031246,-0.049541,-0.015565,0.033585,0.014964,-0.059396,0.000105,-0.013870,0.139035,0.075210,-0.032863,-0.029273,-0.055450,0.019874,0.036220,-0.045113,0.042075,0.018923,0.070392,0.017907,-0.107116,0.039627,0.023461,0.057234,-0.043107,-0.074614,-0.033854,0.044739,0.013654,-0.011370,-0.004453,0.094527,0.077259,0.009032,0.069848,-0.057850,-0.037349,-0.016913,0.036459,-0.079004,-0.022868,-0.007071,0.039809,-0.017357,-0.005109,0.024821,0.008239,-0.049241,-0.015780,-0.080744,0.020030,-0.024544,-0.010858,-0.023488,0.005539,0.049131,-0.090100,0.003310,0.005677,-0.008666,0.040095,-0.034046,0.051907,-0.055544,0.009968,0.060762,0.032641,-0.038276,-0.023641,-0.057128,0.010331,-0.056920,0.037664,-0.047701,0.007005,-0.004306,0.026272,0.090645,-0.050001,0.010702,-0.041524,0.114049,0.051541,-0.034898,0.092685,0.060452,-0.013909,0.026810,0.006124,0.024072,-0.064742,0.076779,0.070867,0.050355,0.000000,-0.084088,0.022380,-0.057234,-0.105033,-0.093191,-0.027942,-0.015990,0.035035,-0.016936,-0.023000,-0.049817,0.011512,-0.010324,-0.015620,-0.029634,-0.048771,0.100252,-0.025861,-0.007030,-0.026026,0.058871,-0.082921,0.036115,0.039571,-0.049647,0.005073,-0.028691,-0.046101,-0.023298,0.026869,0.036400,0.096236,-0.043774,0.121543,0.002216,-0.082050,0.013898,-0.045715,-0.039287,-0.044863,0.018127,0.042253,0.014309,0.012109,0.023054,-0.049308,0.018474,-0.006348,0.093035,0.007347,0.052425,-0.081380,0.071069,0.020050,-0.057104,0.093355,0.074501,-0.043725,0.005533,0.008598,-0.041944,0.095675,0.020795,0.039151,-0.016087,-0.013161,-0.084011,0.008603,0.119403,-0.043976,0.014325,-0.087033,-0.041524,-0.042052,0.023655,0.054120,-0.054055,-0.043445,-0.107066,0.070183,0.053806,-0.007437,-0.032623,0.032932,0.008594,-0.004035,0.064403,-0.067877,0.048189,-0.047372,-0.085339,-0.006432,-0.065330,-0.035382,-0.058505,-0.000000,-0.066823,0.008836,-0.048418,0.036155,0.040413,-0.053562,-0.056474,0.055825,-0.011960,0.047671,-0.003738,0.018421,0.021966,0.034005,-0.036986,-0.026022,0.030348,0.011755,0.009603,0.050098,0.002742,0.022789,0.090079,0.021896,-0.007671,-0.069462,0.034908,0.076403,0.055909,0.047055,-0.024824,0.032577,0.062722,0.056706,-0.116513,-0.052547,-0.002155,0.015622,-0.051846,-0.005114,0.005955,-0.012247,0.078455,0.086174,-0.037527,-0.044895,-0.031870,0.040485,0.071444,-0.095473,0.054737,0.033091,0.038741,0.055332,0.063059,-0.024107,-0.031843,0.048786,-0.064764,-0.058829,-0.012755,-0.072676,0.028904,-0.083700]'::vector);
INSERT INTO article_embeddings (article_id,embedding) VALUES (900031,'[0.021369,0.094751,0.024714,-0.028451,0.105440,0.073979,0.028839,0.010999,0.113256,0.086150,-0.014189,-0.053296,-0.025299,0.075002,0.076217,-0.090818,0.024287,0.002632,-0.096012,0.032600,0.014701,-0.039669,-0.046851,0.023545,-0.026923,-0.038612,-0.008412,0.085645,-0.007244,-0.012802,-0.106992,-0.003470,0.019452,0.112469,-0.019552,0.024397,-0.043412,-0.036440,-0.053452,0.011294,0.048166,-0.079502,-0.007423,0.042071,-0.024802,-0.005022,-0.002771,0.018046,-0.117546,0.054352,-0.037577,0.057866,0.022318,0.049072,0.036057,-0.093007,-0.031989,0.004586,0.001650,0.063322,0.070223,-0.011608,-0.149020,0.034624,0.002838,-0.049661,0.012442,-0.005873,0.055456,0.036657,0.021858,-0.118265,-0.046299,-0.030475,0.011933,0.024757,-0.048619,0.015441,0.071612,-0.071636,-0.013440,-0.104447,-0.016904,-0.016942,0.011237,-0.058579,0.019644,-0.036963,0.082994,0.019579,-0.038753,-0.035989,0.195543,-0.013372,0.029320,0.065960,-0.073463,-0.032026,0.031935,0.042341,0.022824,0.047067,-0.108626,0.024011,0.028742,-0.045836,-0.028115,-0.018133,-0.024071,0.055669,0.015253,0.125598,0.025655,-0.033739,-0.004796,0.073158,-0.081583,0.029245,-0.031215,0.036272,0.037844,0.022106,-0.017737,-0.029497,-0.030301,0.016324,-0.061753,-0.000000,0.022604,-0.100491,-0.083317,-0.038227,-0.074712,0.033821,-0.065706,0.030318,-0.018327,0.112969,-0.002967,0.011180,0.046665,0.015223,0.076773,0.109272,-0.005851,0.085696,0.015611,0.092859,0.003691,-0.033975,0.023034,0.061833,-0.062468,-0.012408,-0.069850,-0.067505,-0.021361,-0.013354,-0.007927,-0.032160,0.090200,0.014904,0.039013,0.081835,-0.002154,0.030475,0.006498,0.046555,-0.050521,-0.024843,-0.033321,-0.025258,-0.002316,-0.034559,-0.008690,-0.037153,-0.007281,-0.053597,-0.011312,0.033669,0.027575,-0.024452,-0.011364,0.054176,0.021329,0.003840,-0.031863,0.004333,-0.013380,0.014717,0.005670,0.031975,0.029137,0.014668,0.037737,0.007984,-0.074275,-0.023994,-0.009010,0.030331,-0.023388,-0.003453,0.009484,0.001803,0.062702,0.035363,0.068817,-0.021460,0.009358,-0.083871,0.089458,-0.029193,-0.063967,0.133048,0.058953,-0.063161,0.004806,0.006600,-0.023575,-0.046212,-0.071020,0.019643,0.044096,-0.000000,-0.096365,0.033800,-0.049458,-0.065602,0.015231,-0.004772,0.050201,-0.014106,-0.032363,-0.015785,-0.079705,-0.038257,-0.032089,0.010330,-0.008398,-0.030704,-0.018805,0.006746,-0.046415,0.003293,0.116718,-0.023077,0.050036,0.046522,-0.081044,-0.005269,0.052733,-0.067778,-0.078485,0.062662,0.106233,0.036914,-0.021812,0.115021,-0.030244,-0.022078,0.054384,-0.080699,-0.062385,-0.066719,0.023597,0.044220,-0.046932,-0.025531,-0.024166,-0.093554,0.016134,-0.028121,0.041241,-0.014647,0.056063,0.006739,-0.041913,0.080572,-0.080078,-0.002853,-0.021492,-0.053656,0.002677,0.009756,-0.047437,0.081529,-0.055167,0.080644,0.065517,0.065008,-0.059948,-0.065134,0.008668,0.012352,-0.006280,-0.029278,-0.026786,-0.027059,0.009926,0.107924,-0.044100,0.024842,-0.067210,0.079011,0.028802,-0.053686,0.030404,0.053096,0.026040,0.019745,0.030426,-0.071008,-0.006415,0.006674,-0.007431,-0.024745,-0.004814,-0.057944,0.045738,-0.000000,-0.056549,0.007076,-0.013326,0.103760,-0.073052,0.051937,-0.065487,-0.052426,0.007238,-0.042962,0.008144,-0.009438,-0.036492,-0.009807,-0.034056,-0.007461,-0.030447,0.069516,-0.050057,0.041339,-0.054892,0.018393,0.022597,-0.017672,-0.013300,-0.041395,-0.016671,0.080214,0.037690,0.040049,0.011434,-0.007331,0.065112,-0.037311,0.013497,-0.001295,-0.010996,-0.051437,0.010593,0.059778,-0.026013,-0.017730,0.020880,0.132514,0.006031,-0.057291,-0.097820,0.008317,0.019770,-0.072483,0.041902,-0.007885,-0.031567,0.027039,0.007207,0.012787,0.009212,0.029496,-0.087029,-0.001828,0.067845,-0.082463,0.026987,-0.120655]'::vector);
COMMIT;
